Grammar,JLPT,Romaji,Arti,Contoh 1 JP,Contoh 1 Romaji,Contoh 1 Arti,Contoh 2 JP,Contoh 2 Romaji,Contoh 2 Arti,Contoh 3 JP,Contoh 3 Romaji,Contoh 3 Arti
〜は〜です,JLPT N5,~wa ~desu,Adalah (Menyatakan subjek/predikat),私は学生です,Watashi wa gakusei desu,,彼は先生です,Kare wa sensei desu,,桜は美しいです,Sakura wa utsukushii desu,
〜は〜じゃありません,JLPT N5,~wa ~ja arimasen,Bukan (Bentuk negatif dari desu),これは本じゃありません,Kore wa hon ja arimasen,,私は医者じゃありません,Watashi wa isha ja arimasen,,これは私の傘じゃありません,Kore wa watashi no kasa ja arimasen,
か,JLPT N5,ka,Partikel tanya (diletakkan di akhir),日本人ですか,Nihonjin desu ka?,,お元気ですか,Ogenki desu ka?,,明日暇ですか,Ashita hima desu ka?,
の,JLPT N5,no,Kepunyaan / Menghubungkan dua kata benda,私の車,Watashi no kuruma,,日本語の先生,Nihongo no sensei,,私のコンピューター,Watashi no konpyuutaa,
も,JLPT N5,mo,Juga,私も行きます,Watashi mo ikimasu,,彼も学生です,Kare mo gakusei desu,,コーヒーも好きです,Koohii mo suki desu,
これ / それ / あれ,JLPT N5,kore / sore / are,Ini / Itu / Itu (jauh),これは何ですか,Kore wa nan desu ka?,,それはいくらですか,Sore wa ikura desu ka?,,あれは東京タワーです,Are wa Toukyou tawaa desu,
この / その / あの,JLPT N5,kono / sono / ano,Ini... / Itu... / Itu... (harus diikuti benda),このペン,Kono pen,,その本は面白いです,Sono hon wa omoshiroi desu,,あの人は誰ですか,Ano hito wa dare desu ka?,
ここ / そこ / あそこ,JLPT N5,koko / soko / asoko,Sini / Situ / Sana (Tempat),トイレはどこですか,Toire wa doko desu ka?,,ここは私の部屋です,Koko wa watashi no heya desu,,駅はあそこです,Eki wa asoko desu,
〜に〜があります,JLPT N5,~ni ~ga arimasu,Ada (untuk benda mati/tanaman),机の上に本があります,Tsukue no ue ni hon ga arimasu,,部屋にテレビがあります,Heya ni terebi ga arimasu,,あそこにコンビニがあります,Asoko ni konbini ga arimasu,
〜に〜がいます,JLPT N5,~ni ~ga imasu,Ada (untuk makhluk hidup),庭に猫がいます,Niwa ni neko ga imasu,,庭に犬がいます,Niwa ni inu ga imasu,,あそこに佐藤さんがいます,Asoko ni Satou-san ga imasu,
〜ます / 〜ました,JLPT N5,~masu / ~mashita,Kata kerja bentuk positif (sekarang/lampau),食べます / 食べました,Tabemasu / Tabemashita,,毎日りんごを食べます,Mainichi ringo o tabemasu,,昨日映画を見ました,Kinou eiga o mimashita,
〜ません / 〜ませんでした,JLPT N5,~masen / ~masendashita,Kata kerja bentuk negatif (sekarang/lampau),飲みません,Nomimasen,,明日は働きません,Ashita wa hatarakimasen,,昨日は勉強しませんでした,Kinou wa benkyou shimasendeshita,
を,JLPT N5,o,Partikel objek,水を飲みます,Mizu o nomimasu,,水を飲みます,Mizu o nomimasu,,手紙を書きます,Tegami o kakimasu,
に (Waktu),JLPT N5,ni,Pada (keterangan waktu spesifik),七時に起きます,Shichi-ji ni okimasu,,7時に起きます,Shichiji ni okimasu,,日曜日にテニスをします,Nichiyoubi ni tenisu o shimasu,
に (Tujuan),JLPT N5,ni,Ke / Di (tujuan arah),日本に行きます,Nihon ni ikimasu,,学校に行きます,Gakkou ni ikimasu,,友達に会います,Tomodachi ni aimasu,
へ,JLPT N5,e,Ke (arah pergerakan),どこへ行きますか,Doko e ikimasu ka?,,日本へ行きます,Nihon e ikimasu,,どこへ行きますか,Doko e ikimasu ka?,
で (Tempat),JLPT N5,de,Di (tempat melakukan aktivitas),学校で勉強します,Gakkou de benkyou shimasu,,レストランでご飯を食べます,Resutoran de gohan o tabemasu,,図書館で勉強します,Toshokan de benkyou shimasu,
で (Alat),JLPT N5,de,Dengan / Menggunakan (alat/kendaraan),バスで行きます,Basu de ikimasu,,バスで学校に行きます,Basu de gakkou ni ikimasu,,日本語で話します,Nihongo de hanashimasu,
と,JLPT N5,to,Dan / Bersama,友達と会います,Tomodachi to aimasu,,パンと卵を食べます,Pan to tamago o tabemasu,,友達と映画を見ます,Tomodachi to eiga o mimasu,
〜から 〜まで,JLPT N5,~kara ~made,Dari... sampai...,九時から五時まで,Ku-ji kara go-ji made,,9時から5時まで働きます,Kuji kara goji made hatarakimasu,,東京から大阪まで行きます,Toukyou kara Oosaka made ikimasu,
〜ませんか,JLPT N5,~masen ka,Maukah? (Ajakan halus),コーヒーを飲みませんか,Koohii o nomimasen ka?,,一緒にコーヒーを飲みませんか,Issho ni koohii o nomimasen ka?,,明日映画を見に行きませんか,Ashita eiga o mi ni ikimasen ka?,
〜ましょう,JLPT N5,~mashou,Ayo / Mari (Ajakan tegas),行きましょう,Ikimashou,,一緒に行きましょう,Issho ni ikimashou,,少し休みましょう,Sukoshi yasumimashou,
〜てください,JLPT N5,~te kudasai,Tolong... (Perintah halus),見てください,Mite kudasai,,ここに名前を書いてください,Koko ni namae o kaite kudasai,,ちょっと待ってください,Chotto matte kudasai,
〜ています,JLPT N5,~te imasu,Sedang melakukan,今、食べています,"Ima, tabete imasu",,今、雨が降っています,"Ima, ame ga futte imasu",,私は東京に住んでいます,Watashi wa Toukyou ni sunde imasu,
〜てもいいです,JLPT N5,~te mo ii desu,Boleh (Meminta/memberi izin),入ってもいいですか,Haitte mo ii desu ka?,,写真を撮ってもいいですか,Shashin o totte mo ii desu ka?,,このペンを使ってもいいですか,Kono pen o tsukatte mo ii desu ka?,
〜てはいけません,JLPT N5,~te wa ikemasen,Tidak boleh / Larangan,ここで写真を撮ってはいけません,Koko de shashin o totte wa ikemasen,,ここでタバコを吸ってはいけません,Koko de tabako o sutte wa ikemasen,,美術館で写真を撮ってはいけません,Bijutsukan de shashin o totte wa ikemasen,
〜から,JLPT N5,~kara,Karena (Alasan),寒いから、窓を閉めます,"Samui kara, mado o shimemasu",,時間がないから、急ぎます,"Jikan ga nai kara, isogimasu",,雨が降っていますから、傘を持って行きます,"Ame ga futte imasu kara, kasa o motte ikimasu",
〜てください（ませんか）,JLPT N5,~te kudasaimasen ka,Dapatkah Anda tolong? (Lebih sopan),手伝ってくださいませんか,Tetsudatte kudasaimasen ka?,,塩を取ってくださいませんか,Shio o totte kudasaimasen ka?,,写真を撮ってくださいませんか,Shashin o totte kudasaimasen ka?,
〜ましょうか,JLPT N5,~mashou ka,Bagaimana jika saya...? (Menawarkan bantuan),持ちましょうか,Mochimashou ka?,,窓を開けましょうか,Mado o akemashou ka?,,手伝いましょうか,Tetsudaimashou ka?,
〜てください（ないでください）,JLPT N5,~naide kudasai,Tolong jangan...,忘れないでください,Wasurenaide kudasai,,心配しないでください,Shinpai shinaide kudasai,,ここにゴミを捨てないでください,Koko ni gomi o sutenaide kudasai,
〜のが好きです,JLPT N5,~no ga suki desu,Suka (melakukan sesuatu),歌うのが好きです,Utau no ga suki desu,,,,,,,
〜のが上手です,JLPT N5,~no ga jouzu desu,Pintar dalam (sesuatu),料理を作るのが上手です,Ryouri o tsukuru no ga jouzu desu,,,,,,,
〜まえに,JLPT N5,~mae ni,Sebelum...,寝る前に、本を読みます,"Neru mae ni, hon o yomimasu",,,,,,,
〜たことがあります,JLPT N5,~ta koto ga arimasu,Pernah (Pengalaman),寿司を食べたことがあります,Sushi o tabeta koto ga arimasu,,,,,,,
〜たり 〜たりします,JLPT N5,~tari ~tari shimasu,Melakukan kegiatan seperti... dan...,本を読んだり、映画を見たりします,"Hon o yondari, eiga o mitari shimasu",,,,,,,
〜くなります / 〜になります,JLPT N5,~ku narimasu / ~ni narimasu,Menjadi...,寒くなります,Samuku narimasu,,,,,,,
〜そうです,JLPT N5,~sou desu,Kelihatannya... (Kesan visual),美味しそうです,Oishisou desu,,,,,,,
〜たいです,JLPT N5,~tai desu,Ingin (melakukan sesuatu),日本に行きたいです,Nihon ni ikitai desu,,,,,,,
〜ほうがいいです,JLPT N5,~hou ga ii desu,Sebaiknya...,病院へ行ったほうがいいです,Byouin e itta hou ga ii desu,,,,,,,
〜つもりです,JLPT N5,~tsumori desu,Berencana / Berniat,明日、勉強するつもりです,"Ashita, benkyou suru tsumori desu",,,,,,,
〜とき,JLPT N5,~toki,Ketika / Saat...,子供のとき,Kodomo no toki,,,,,,,
〜ながら,JLPT N5,~nagara,Sambil...,音楽を聴きながら勉強します,Ongaku o kikinagara benkyou shimasu,,,,,,,
〜すぎる,JLPT N5,~sugiru,Terlalu...,食べすぎました,Tabesugimashita,,このケーキは甘すぎます,Kono keeki wa amasugimasu,,テレビを見すぎて、目が痛いです,"Terebi o misugite, me ga itai desu",
〜たほうがいいです,JLPT N5,~ta hou ga ii desu,Lebih baik (Saran kuat),早く寝たほうがいいです,Hayaku neta hou ga ii desu,,,,,,,
〜なければなりません,JLPT N5,~nakereba narimasen,Harus / Wajib,宿題をしなければなりません,Shukudai o shinakereba narimasen,,,,,,,
〜ても,JLPT N5,~te mo,Meskipun...,雨が降っても行きます,Ame ga futte mo ikimasu,,,,,,,
〜たら,JLPT N5,~tara,Kalau / Jika... (Kondisional),安かったら買います,Yasukattara kaimasu,,,,,,,
〜と言います,JLPT N5,~to iimasu,Berkata bahwa... / Bernama...,彼は明日来ると言いました,Kare wa ashita kuru to iimashita,,,,,,,
〜と思います,JLPT N5,~to omoimasu,Saya pikir / Saya rasa...,美味しいと思います,Oishii to omoimasu,,,,,,,
〜でしょう,JLPT N5,~deshou,Mungkin / Kan? (Konfirmasi/Prediksi),明日は雨でしょう,Ashita wa ame deshou,,,,,,,
〜（ら）れる,JLPT N4,~(ra)reru,Bentuk Potensial (Bisa/Dapat),漢字が読めます,Kanji ga yomemasu,,先生に褒められました,Sensei ni homeraremashita,,犬に手を噛まれました,Inu ni te o kamaremashita,
〜（ら）れる,JLPT N4,~(ra)reru,Bentuk Pasif (Di- / Ter-),泥棒に財布を盗まれました,Dorobou ni saifu o nusumaremashita,,先生に褒められました,Sensei ni homeraremashita,,犬に手を噛まれました,Inu ni te o kamaremashita,
〜（さ）せる,JLPT N4,~(sa)seru,Bentuk Kausatif (Menyuruh/Membiarkan),子供に野菜を食べさせます,Kodomo ni yasai o tabesasemasu,,母は子供に野菜を食べさせます,Haha wa kodomo ni yasai o tabesasemasu,,先生は学生に宿題をさせました,Sensei wa gakusei ni shukudai o sasemashita,
〜（さ）せられる,JLPT N4,~(sa)serareru,Bentuk Kausatif-Pasif (Terpaksa melakukan),母に部屋を掃除させられました,Haha ni heya o souji saseraremashita,,母に毎日ピアノを練習させられました,Haha ni mainichi piano o renshuu saseraremashita,,先生に本を読ませられました,Sensei ni hon o yomaseraremashita,
〜なさい,JLPT N4,~nasai,"Perintah (tegas tapi sopan, biasanya dari ortu/guru)",早く寝なさい,Hayaku nenasai,,早く寝なさい,Hayaku nenasai,,もっと勉強しなさい,Motto benkyou shinasai,
〜という,JLPT N4,~to iu,Yang disebut... / Bernama...,これは「サトウ」というお菓子です,Kore wa 'Satou' to iu okashi desu,,これは何という花ですか,Kore wa nan to iu hana desu ka?,,田中さんという人が来ましたよ,Tanaka-san to iu hito ga kimashita yo,
〜ために,JLPT N4,~tame ni,Demi... / Untuk... (Tujuan/Alasan),家を買うために貯金します,Ie o kau tame ni chokin shimasu,,車を買うために、お金を貯めています,"Kuruma o kau tame ni, okane o tamete imasu",,健康のために、毎日運動します,"Kenkou no tame ni, mainichi undou shimasu",
〜ように,JLPT N4,~you ni,Agar... / Supaya...,忘れないようにメモします,Wasurenai you ni memo shimasu,,忘れないように、メモをしておきます,"Wasurenai you ni, memo o shite okimasu",,風邪を引かないように、気をつけてください,"Kaze o hikanai you ni, ki o tsukete kudasai",
〜ようになる,JLPT N4,~you ni naru,Menjadi bisa... (Perubahan kemampuan/kebiasaan),日本語が話せるようになりました,Nihongo ga hanaseru you ni narimashita,,日本語が話せるようになりました,Nihongo ga hanaseru you ni narimashita,,自転車に乗れるようになりました,Jitensha ni noreru you ni narimashita,
〜ようにする,JLPT N4,~you ni suru,Berusaha untuk... / Memastikan untuk...,毎日、運動するようにしています,"Mainichi, undou suru you ni shite imasu",,毎日野菜を食べるようにしています,Mainichi yasai o taberu you ni shite imasu,,遅刻しないようにしてください,Chikoku shinai you ni shite kudasai,
〜ようと思う,JLPT N4,~you to omou,Berniat untuk... (Bentuk Volitional),来年、日本へ行こうと思っています,"Rainen, Nihon e ikou to omotte imasu",,週末は映画を見ようと思います,Shuumatsu wa eiga o miyou to omoimasu,,来年日本へ行こうと思っています,Rainen Nihon e ikou to omotte imasu,
〜方,JLPT N4,~kata,Cara...,この漢字の読み方を教えてください,Kono kanji no yomikata o oshiete kudasai,,この漢字の読み方がわかりません,Kono kanji no yomikata ga wakarimasen,,美味しいケーキの作り方を教えてください,Oishii keeki no tsukurikata o oshiete kudasai,
〜すぎる,JLPT N4,~sugiru,Terlalu... (Berlebihan),お酒を飲みすぎました,Osake o nomisugimashita,,このケーキは甘すぎます,Kono keeki wa amasugimasu,,テレビを見すぎて、目が痛いです,"Terebi o misugite, me ga itai desu",
〜やすい,JLPT N4,~yasui,Mudah untuk...,このペンは書きやすいです,Kono pen wa kakiyasui desu,,このペンはとても書きやすいです,Kono pen wa totemo kakiyasui desu,,この本は字が大きくて読みやすいです,Kono hon wa ji ga ookikute yomiyasui desu,
〜にくい,JLPT N4,~nikui,Sulit untuk...,この肉は食べにくいです,Kono niku wa tabenikui desu,,この薬は苦くて飲みにくいです,Kono kusuri wa nigakute nominikui desu,,彼の字は汚くて読みにくいです,Kare no ji wa kitanakute yominikui desu,
〜はずだ,JLPT N4,~hazu da,Seharusnya... / Pasti... (Keyakinan),彼は今日来るはずです,Kare wa kyou kuru hazu desu,,彼は今日来るはずです,Kare wa kyou kuru hazu desu,,あのレストランは美味しいはずです,Ano resutoran wa oishii hazu desu,
〜かもしれない,JLPT N4,~kamoshirenai,Mungkin saja... (Kemungkinan rendah),午後は雨が降るかもしれません,Gogo wa ame ga furu kamoshirenai,,明日は雨が降るかもしれません,Ashita wa ame ga furu kamoshiremasen,,彼は約束を忘れたかもしれない,Kare wa yakusoku o wasureta kamoshirenai,
〜ようだ,JLPT N4,~you da,Sepertinya... (Berdasarkan penglihatan/perasaan),誰か来たようです,Dareka kita you desu,,彼は病気のようです,Kare wa byouki no you desu,,誰か来たようだ,Dareka kita you da,
〜らしい,JLPT N4,~rashii,Katanya... / Sepertinya... (Berdasarkan informasi),明日は暑いらしいです,Ashita wa atsui rashii desu,,明日は寒いらしいです,Ashita wa samui rashii desu,,彼は新しい車を買ったらしい,Kare wa atarashii kuruma o katta rashii,
〜そうだ (Hearsay),JLPT N4,~sou da,Katanya... (Menyampaikan berita),天気予報によると、明日は雪だそうです,"Tenki yohou ni yoru to, ashita wa yuki da sou desu",,天気予報によると、明日は晴れるそうです,"Tenkiyohou ni yoru to, ashita wa hareru sou desu",,田中さんは来月結婚するそうです,Tanaka-san wa raigetsu kekkon suru sou desu,
〜てみる,JLPT N4,~te miru,Mencoba untuk...,この靴を履いてみます,Kono kutsu o haite mimasu,,この靴を履いてみてもいいですか,Kono kutsu o haite mite mo ii desu ka?,,美味しいかどうかわからないけど、食べてみます,"Oishii ka dou ka wakaranai kedo, tabete mimasu",
〜ておく,JLPT N4,~te oku,Melakukan persiapan / Membiarkan saja,旅行の前に切符を買っておきます,Ryokou no mae ni kippu o katte okimasu,,パーティーの前に、部屋を掃除しておきます,"Paatii no mae ni, heya o souji shite okimasu",,ホテルを予約しておきました,Hoteru o yoyaku shite okimashita,
〜てしまう,JLPT N4,~te shimau,Selesai total / Sayang sekali (Penyesalan),宿題を全部やってしまいました,Shukudai o zenbu yatte shimaimashita,,ケーキを全部食べてしまいました,Keeki o zenbu tabete shimaimashita,,パスポートを忘れてしまいました,Pasupooto o wasurete shimaimashita,
〜てあげる,JLPT N4,~te ageru,Memberikan bantuan (kepada orang lain),友達に英語を教えてあげました,Tomodachi ni eigo o oshiete agemashita,,私が荷物を持ってあげましょう,Watashi ga nimotsu o motte agemashou,,妹に本を読んであげました,Imouto ni hon o yonde agemashita,
〜てくれる,JLPT N4,~te kureru,Orang lain memberikan bantuan (kepada saya),佐藤さんが手伝ってくれました,Satou-san ga tetsudatte kuremashita,,友達が私に本を貸してくれました,Tomodachi ga watashi ni hon o kashite kuremashita,,彼が道をおしえてくれました,Kare ga michi o oshiete kuremashita,
〜てもらう,JLPT N4,~te morau,Menerima bantuan (dari orang lain),先生に直してもらいました,Sensei ni naoshite moraimashita,,先生に作文を直してもらいました,Sensei ni sakubun o naoshite moraimashita,,山田さんに車で送ってもらいました,Yamada-san ni kuruma de okutte moraimashita,
〜ところだ,JLPT N4,~tokoro da,Baru saja akan... / Sedang... / Baru saja selesai...,今から食べるところです,Ima kara taberu tokoro desu,,今、ご飯を食べるところです,"Ima, gohan o taberu tokoro desu",,たった今、バスが出たところです,"Tatta ima, basu ga deta tokoro desu",
〜ばかり,JLPT N4,~bakari,Hanya... / Baru saja...,彼は遊んでばかりいます,Kare wa asonde bakari imasu,,彼はゲームばかりしています,Kare wa geemu bakari shite imasu,,娘は泣いてばかりいます,Musume wa naite bakari imasu,
〜ば / 〜たら,JLPT N4,~ba / ~tara,Jika... (Kondisional),安ければ買います,Yasukereba kaimasu,,時間がなければ、行かなくてもいいです,"Jikan ga nakereba, ikanakute mo ii desu",,雨が降ったら、試合は中止です,"Ame ga futtara, shiai wa chuushi desu",
〜がる,JLPT N4,~garu,Tampak... (Untuk perasaan orang ketiga),子供が怖がっています,Kodomo ga kowagatte imasu,,子供はおもちゃを欲しがっています,Kodomo wa omocha o hoshigatte imasu,,彼は蛇を怖がります,Kare wa hebi o kowagarimasu,
〜（さ）せてください,JLPT N4,~(sa)sete kudasai,Tolong biarkan saya... (Meminta izin melakukan sesuatu),ここで待たせてください,Koke de matasete kudasai,,,,,,,
〜（な）ければならない,JLPT N4,~(na)kereba naranai,Harus (Kewajiban),レポートを書かなければなりません,Repo-to o kakanakereba narimasen,,,,,,,
〜（な）くてもいい,JLPT N4,~(na)kutemo ii,Tidak perlu / Boleh tidak...,明日は来なくてもいいです,Ashita wa konakutemo ii desu,,,,,,,
〜し〜し,JLPT N4,~shi ~shi,Sudah... apalagi... (Menyebutkan beberapa alasan/sifat),この店は安いし、美味しいです,"Kono mise wa yasui shi, oishii desu",,,,,,,
〜さ,JLPT N4,~sa,Mengubah kata sifat menjadi kata benda (Nominalisasi),高さはどのくらいですか,Takasa wa dono kurai desu ka?,,,,,,,
〜のうちで〜がいちばん,JLPT N4,~no uchi de ~ga ichiban,Di antara... yang paling...,果物のうちでリンゴがいちばん好きです,Kudamono no uchi de ringo ga ichiban suki desu,,,,,,,
〜ほど〜ない,JLPT N4,~hodo ~nai,Tidak se-... (Perbandingan negatif),今日は昨日ほど暑くないです,Kyou wa kinou hodo atsukunai desu,,,,,,,
〜代わりに,JLPT N4,~kawari ni,Sebagai ganti... / Sebagai pengganti...,コーヒーの代わりに紅茶を飲みます,Koohii no kawari ni koucha o nomimasu,,,,,,,
〜ために（原因）,JLPT N4,~tame ni,Karena... (Menyatakan sebab/akibat),事故のために電車が遅れました,Jiko no tame ni densha ga okuremashita,,,,,,,
〜までに,JLPT N4,~made ni,Paling lambat... / Sebelum... (Batas waktu),五時までに帰らなければなりません,Go-ji made ni kaeranakereba narimasen,,,,,,,
〜出す,JLPT N4,~dasu,Tiba-tiba mulai...,急に雨が降り出しました,Kyuu ni ame ga furidashimashita,,,,,,,
〜続ける,JLPT N4,~tsuzukeru,Terus-menerus melakukan...,三時間歩き続けました,San-jikan arukitsuzukemashita,,,,,,,
〜終わる,JLPT N4,~owaru,Selesai melakukan...,ご飯を食べ終わりました,Gohan o tabeowarimashita,,,,,,,
〜（命令形）,JLPT N4,Meireikei,Bentuk Perintah (Sangat kasar/tegas),止まれ！,Tomare!,,,,,,,
〜（禁止形）,JLPT N4,Kinshikei,Bentuk Larangan (Jangan!),入るな！,Hairu na!,,,,,,,
お〜になる,JLPT N4,o ~ni naru,Sonkeigo (Bentuk hormat untuk aktivitas orang lain),先生がお帰りになります,Sensei ga okaeri ni narimasu,,,,,,,
お〜する,JLPT N4,o ~suru,Kenjougo (Bentuk rendah hati untuk aktivitas diri sendiri),お荷物をお持ちします,Onimotsu o omochi shimasu,,,,,,,
〜はずがない,JLPT N4,~hazu ga nai,Tidak mungkin... (Ketidakyakinan kuat),彼がそんなことを言うはずがありません,Kare ga sonna koto o iu hazu ga arimasen,,,,,,,
〜といった,JLPT N4,~to itta,Seperti... (Memberikan contoh),テニスやサッカーといったスポーツ,Tenisu ya sakka- to itta supo-tsu,,京都や奈良といった古い町が好きです,Kyouto ya Nara to itta furui machi ga suki desu,,テニスやゴルフといったスポーツは人気がある,Tenisu ya gorufu to itta supootsu wa ninki ga aru,
〜の（名詞化）,JLPT N4,~no,Bahwa... / Hal... (Nominalisasi klausa),彼が来るのを知っていますか,Kare ga kuru no o shitte imasu ka?,,,,,,,
〜うちに,JLPT N3,~uchi ni,Selagi / Mumpung / Selama,若いうちに、たくさん勉強してください,"Wakai uchi ni, takusan benkyou shite kudasai",,温かいうちに食べてください,Atatakai uchi ni tabete kudasai,,忘れないうちに、メモしておきます,"Wasurenai uchi ni, memo shite okimasu",
〜間 / 〜間に,JLPT N3,~aida / ~aida ni,Selama / Di sela-sela waktu,お母さんが寝ている間に、ゲームをします,"Okaasan ga nete iru aida ni, ge-mu o shimasu",,母が昼寝をしている間に、出かけました,"Haha ga hirune o shite iru aida ni, dekakemashita",,夏休みの間、ずっとアルバイトをしていました,"Natsuyasumi no aida, zutto arubaito o shite imashita",
〜てからでないと,JLPT N3,~te kara de nai to,Jika belum... maka tidak bisa...,宿題をやってからでないと、遊びに行けません,"Shukudai o yatte kara de nai to, asobi ni ikemasen",,手を洗ってからでないと、ご飯は食べられません,"Te o aratte kara de nai to, gohan wa taberaremasen",,上司に相談してからでないと、決められません,"Joushi ni soudan shite kara de nai to, kimeraremasen",
〜ところだ / 〜ところを,JLPT N3,~tokoro da / ~tokoro o,Baru saja akan / Sedang / Tepat saat...,今、出かけるところです,"Ima, dekakeru tokoro desu",,今、出かけるところです,"Ima, dekakeru tokoro desu",,お忙しいところを申し訳ありません,Oisogashii tokoro o moushiwake arimasen,
〜たとおりに,JLPT N3,~ta toori ni,Sesuai dengan / Seperti yang...,私が言ったとおりに書いてください,Watashi ga itta toori ni kaite kudasai,,私が言うとおりに書いてください,Watashi ga iu toori ni kaite kudasai,,説明書のとおりに組み立てました,Setsumeisho no toori ni kumitatemashita,
〜によって / 〜による,JLPT N3,~ni yotte / ~ni yoru,Oleh / Karena / Melalui / Tergantung,人によって考え方が違います,Hito ni yotte kangaekata ga chigaimasu,,人によって考え方が違います,Hito ni yotte kangaekata ga chigaimasu,,地震によってビルが倒れました,Jishin ni yotte biru ga taoremashita,
〜たびに,JLPT N3,~tabi ni,Setiap kali...,この写真を見るたびに、家族を思い出します,"Kono shashin o miru tabi ni, kazoku o omoidashimasu",,この曲を聞くたびに、学生時代を思い出します,"Kono kyoku o kiku tabi ni, gakusei jidai o omoidashimasu",,彼は出張のたびに、お土産を買ってきてくれます,"Kare wa shucchou no tabi ni, omiyage o katte kite kuremasu",
〜ついでに,JLPT N3,~tsuide ni,"Sambil / Sekalian (Mumpung melakukan A, sekalian melakukan B)",散歩のついでに、手紙を出してきました,"Sanpo no tsuide ni, tegami o dashite kimashita",,散歩のついでに、手紙を出してきました,"Sanpo no tsuide ni, tegami o dashite kimashita",,買い物に行くついでに、ゴミを捨ててね,"Kaimono ni iku tsuide ni, gomi o sutete ne",
〜ほど / 〜くらい,JLPT N3,~hodo / ~kurai,Kira-kira / Sampai-sampai / Sejauh...,昨日は死ぬほど疲れました,Kinou wa shinu hodo tsukaremashita,,死ぬほど疲れました,Shinu hodo tsukaremashita,,泣きたいくらい痛いです,Nakitai kurai itai desu,
〜くらい〜はない,JLPT N3,~kurai ~wa nai,Tidak ada yang se-... (Paling...),彼女くらい優しい人はいない,Kanojo kurai yasashii hito wa inai,,彼くらい優しい人はいません,Kare kurai yasashii hito wa imasen,,富士山ほど美しい山はない,Fujisan hodo utsukushii yama wa nai,
〜くらいなら,JLPT N3,~kurai nara,Daripada harus... (Lebih baik...),彼に謝るくらいなら、会社を辞めます,"Kare ni ayamaru kurai nara, kaisha o yamemasu",,あんな人と結婚するくらいなら、独身の方がいい,"Anna hito to kekkon suru kurai nara, dokushin no hou ga ii",,途中でやめるくらいなら、最初からやらない方がいい,"Tochuu de yameru kurai nara, saisho kara yaranai hou ga ii",
〜に限る,JLPT N3,~ni kagiru,Paling baik adalah / Terbatas pada,夏は冷たいビールに限る,Natsu wa tsumetai bi-ru ni kagiru,,疲れた時は、寝るに限ります,"Tsukareta toki wa, neru ni kagirimasu",,夏は冷たいビールに限る,Natsu wa tsumetai biiru ni kagiru,
〜に対して,JLPT N3,~ni taishite,Terhadap / Berlawanan dengan,先生に対して失礼なことを言ってはいけません,Sensei ni taishite shitsurei na koto o itte wa ikemasen,,お客様に対して、丁寧な言葉を使いましょう,"Okyakusama ni taishite, teinei na kotoba o tsukaimashou",,兄が活発なのに対して、弟はおとなしい,"Ani ga kappatsu na no ni taishite, otouto wa otonashii",
〜反面,JLPT N3,~hanmen,Di sisi lain / Di balik itu,都会の生活は便利な反面、ストレスも多い,"Tokai no seikatsu wa benri na hanmen, sutoresu mo ooi",,この薬はよく効く反面、副作用も強い,"Kono kusuri wa yoku kiku hanmen, fukusayou mo tsuyoi",,都会の生活は便利な反面、ストレスも多い,"Tokai no seikatsu wa benri na hanmen, sutoresu mo ooi",
〜というより,JLPT N3,~to iu yori,"Daripada dibilang A, lebih tepat B",今日は暑いというより、蒸し暑いですね,"Kyou wa atsui to iu yori, mushiatsui desu ne",,涼しいというより、寒いです,"Suzushii to iu yori, samui desu",,彼は親切というより、おせっかいだ,"Kare wa shinsetsu to iu yori, osekkai da",
〜かわりに,JLPT N3,~kawari ni,Sebagai ganti / Tapi di sisi lain,料理を手伝うかわりに、掃除をしてもらった,"Ryouri o tetsudau kawari ni, souji o shite moratta",,手伝ってくれたかわりに、ランチを奢ります,"Tetsudatte kureta kawari ni, ranchi o ogorimasu",,車で行くかわりに、電車で行こう,"Kuruma de iku kawari ni, densha de ikou",
〜ために / 〜ためだ,JLPT N3,~tame ni / ~tame da,Karena / Sebab (Formal),事故のため、電車が遅れています,"Jiko no tame, densha ga okurete imasu",,雪が降ったために、電車が遅れました,"Yuki ga futta tame ni, densha ga okuremashita",,事故があったため、道が混んでいます,"Jiko ga atta tame, michi ga konde imasu",
〜おかげで / 〜せいだ,JLPT N3,~okage de / ~sei da,Berkat... / Gara-gara...,先生のおかげで、試験に合格しました,"Sensei no okage de, shiken ni goukaku shimashita",,先生のおかげで、試験に合格しました,"Sensei no okage de, shiken ni goukaku shimashita",,寝不足のせいで、頭が痛いです,"Nebusoku no sei de, atama ga itai desu",
〜のだから / 〜んだから,JLPT N3,~no dakara,Karena (Menyatakan fakta yang sudah jelas bagi lawan bicara),雨が降っているんだから、外に出ないで,"Ame ga futte iru n dakara, soto ni denaide",,もう大人なんだから、自分で決めなさい,"Mou otona nan dakara, jibun de kimenasai",,約束したんだから、必ず守ってください,"Yakusoku shitan dakara, kanarazu mamotte kudasai",
〜なら,JLPT N3,~nara,Kalau (Memberi saran berdasarkan topik),カメラを買うなら、あの店がいいですよ,"Kamera o kau nara, ano mise ga ii desu yo",,明日雨なら、行きません,"Ashita ame nara, ikimasen",,パソコンを買うなら、あの店がいいですよ,"Pasokon o kau nara, ano mise ga ii desu yo",
〜ては / 〜では,JLPT N3,~te wa / ~de wa,Kalau... (Seringkali untuk hal negatif),そんなに食べては太りますよ,Sonna ni tabete wa futorimasu yo,,そんなに食べては、太りますよ,"Sonna ni tabete wa, futorimasu yo",,雨では、ピクニックに行けません,"Ame de wa, pikunikku ni ikemasen",
〜さえ〜ば,JLPT N3,~sae ~ba,Asalkan... saja,薬を飲みさえすれば、すぐに治ります,"Kusuri o nomi sae sureba, sugu ni naorimasu",,お金さえあれば、幸せになれるわけではない,"Okane sae areba, shiawase ni nareru wake de wa nai",,薬を飲みさえすれば、治ります,"Kusuri o nomi sae sureba, naorimasu",
〜たとえ〜ても,JLPT N3,tatoe ~te mo,Andaikata... pun / Meskipun...,たとえ反対されても、留学に行きます,"Tatoe hantai sarete mo, ryuugaku ni ikimasu",,たとえ雨が降っても、試合は行われます,"Tatoe ame ga futte mo, shiai wa okonawaremasu",,たとえ両親に反対されても、彼と結婚します,"Tatoe ryoushin ni hantai sarete mo, kare to kekkon shimasu",
〜ば / 〜たら / 〜なら,JLPT N3,~ba / ~tara / ~nara,Andai saja (Penyesalan/Sesuatu yang tak terjadi),お金があれば、買えたのに,"Okane ga areba, kaeta no ni",,あの時勉強していれば、合格できたのに,"Ano toki benkyou shite ireba, goukaku dekita noni",,もう少し背が高かったら、バスケができたのに,"Mou sukoshi se ga takakattara, basuke ga dekita noni",
〜ということだ,JLPT N3,~to iu koto da,Berarti bahwa / Katanya,物価が上がるということは、生活が大変になるということだ,"Bukka ga agaru to iu koto wa, seikatsu ga taihen ni naru to iu koto da",,彼は来月結婚するということだ,Kare wa raigetsu kekkon suru to iu koto da,,禁煙ということは、ここでタバコを吸ってはいけないということだ,"Kin'en to iu koto wa, koko de tabako o sutte wa ikenai to iu koto da",
〜といっても,JLPT N3,~to itte mo,Meskipun dibilang...,料理ができるといっても、卵焼きぐらいです,"Ryouri ga dekiru to itte mo, tamagoyaki gurai desu",,料理ができるといっても、卵焼きくらいです,"Ryouri ga dekiru to itte mo, tamagoyaki kurai desu",,家が広いといっても、部屋は二つだけです,"Ie ga hiroi to itte mo, heya wa futatsu dake desu",
〜というものだ,JLPT N3,~to iu mono da,Benar-benar... / Sudah seharusnya...,困った時に助け合うのが、友達というものだ,"Komatta toki ni tasukeau no ga, tomodachi to iu mono da",,他人のものを勝手に使うのは、泥棒というものだ,"Tanin no mono o katte ni tsukau no wa, dorobou to iu mono da",,困った時に助け合うのが、本当の友達というものだ,"Komatta toki ni tasukeau no ga, hontou no tomodachi to iu mono da",
〜はずがない / 〜わけがない,JLPT N3,~hazu ga nai / ~wake ga nai,Mustahil / Tidak mungkin,そんな難しい本、子供に読めるわけがない,"Sonna muzukashii hon, kodomo ni yomeru wake ga nai",,あんなに勉強しなかったのだから、合格するはずがない,"Anna ni benkyou shinakatta no dakara, goukaku suru hazu ga nai",,あの優しい彼が嘘をつくわけがない,Ano yasashii kare ga uso o tsuku wake ga nai,
〜とは限らない,JLPT N3,~to wa kagiranai,Tidak selalu... / Belum tentu...,高いものが、いつもいいとは限らない,"Takai mono ga, itsumo ii to wa kagiranai",,値段が高いものが必ずしも良いものだとは限らない,Nedan ga takai mono ga kanarazushimo yoi mono da to wa kagiranai,,日本人がみんな寿司が好きだとは限らない,Nihonjin ga minna sushi ga suki da to wa kagiranai,
〜わけではない,JLPT N3,~wake de wa nai,Bukan berarti...,日本料理が嫌いなわけではないが、毎日は無理だ,"Nihon ryouri ga kirai na wake de wa nai ga, mainichi wa muri da",,肉が嫌いなわけではありませんが、あまり食べません,"Niku ga kirai na wake de wa arimasen ga, amari tabemasen",,お金がないわけではないが、今は買えない,"Okane ga nai wake de wa nai ga, ima wa kaenai",
〜わけにはいかない,JLPT N3,~wake ni wa ikanai,Tidak boleh / Tidak bisa (karena alasan moral/sosial),明日は試験があるから、休むわけにはいかない,"Ashita wa shiken ga aru kara, yasumu wake ni wa ikanai",,明日は大事なテストだから、休むわけにはいかない,"Ashita wa daiji na tesuto dakara, yasumu wake ni wa ikanai",,車で来たので、お酒を飲むわけにはいきません,"Kuruma de kita node, osake o nomu wake ni wa ikimasen",
〜ないわけにはいかない,JLPT N3,~nai wake ni wa ikanai,Harus / Tidak punya pilihan selain...,先生に頼まれたから、やらないわけにはいかない,"Sensei ni tanomareta kara, yaranai wake ni wa ikanai",,社長の命令なので、行かないわけにはいかない,"Shachou no meirei na node, ikanai wake ni wa ikanai",,彼が困っているので、手伝わないわけにはいかない,"Kare ga komatte iru node, tetsudawanai wake ni wa ikanai",
〜ばかりか / 〜ばかりでなく,JLPT N3,~bakari ka,Bukan hanya... (bahkan...),彼は漢字ばかりか、敬語も上手に話せる,"Kare wa kanji bakari ka, keigo mo jouzu ni hanaseru",,彼は英語ばかりか、フランス語も話せる,"Kare wa eigo bakari ka, furansugo mo hanaseru",,このレストランは安いばかりでなく、味も最高だ,"Kono resutoran wa yasui bakari de naku, aji mo saikou da",
〜ばかりに,JLPT N3,~bakari ni,Hanya gara-gara... (menyebabkan hasil buruk),お金がないばかりに、旅行に行けなかった,"Okane ga nai bakari ni, ryokou ni ikenakatta",,お金がないばかりに、大学を諦めなければならなかった,"Okane ga nai bakari ni, daigaku o akiramenakereba naranakatta",,私が遅刻したばかりに、みんなに迷惑をかけてしまった,"Watashi ga chikoku shita bakari ni, minna ni meiwaku o kakete shimatta",
〜（る）ばかりだ,JLPT N3,~(ru) bakari da,Terus-menerus... (biasanya untuk tren negatif),物価は上がるばかりだ,Bukka wa agaru bakari da,,最近、物価は上がるばかりだ,"Saikin, bukka wa agaru bakari da",,彼の病気は悪くなるばかりだ,Kare no byouki wa waruku naru bakari da,
〜たとえ〜ても,JLPT N3,tatoe ~te mo,Meskipun... (andaikata... pun),たとえ高くても、これが欲しいです,"Tatoe takakutemo, kore ga hoshii desu",,たとえ雨が降っても、試合は行われます,"Tatoe ame ga futte mo, shiai wa okonawaremasu",,たとえ両親に反対されても、彼と結婚します,"Tatoe ryoushin ni hantai sarete mo, kare to kekkon shimasu",
〜に決まっている,JLPT N3,~ni kimatte iru,Pasti... / Sudah tentu...,そんなの、嘘に決まっている,"Sonna no, uso ni kimatte iru",,あんなに練習したんだから、優勝するに決まっている,"Anna ni renshuu shitan dakara, yuushou suru ni kimatte iru",,夜遅くに電話してくるなんて、酔っ払っているに決まっている,"Yoru osoku ni denwa shite kuru nante, yopparatte iru ni kimatte iru",
〜に違いない,JLPT N3,~ni chigai nai,Pasti... / Tidak salah lagi...,犯人は彼に違いない,Hannin wa kare ni chigai nai,,犯人は彼に違いない,Hannin wa kare ni chigainai,,このケーキはあの有名な店のものだから、美味しいに違いない,"Kono keeki wa ano yuumei na mise no mono dakara, oishii ni chigainai",
〜をもとに（して）,JLPT N3,~o moto ni (shite),Berdasarkan... / Berlandaskan...,実話をもとにした映画,Jitsuwa o moto ni shita eiga,,この映画は実話をもとにして作られた,Kono eiga wa jitsuwa o moto ni shite tsukurareta,,アンケートの結果をもとに、新しい商品を開発する,"Ankeeto no kekka o moto ni, atarashii shouhin o kaihatsu suru",
〜に基づいて,JLPT N3,~ni motozuite,Berdasarkan (hukum/data/rencana),計画に基づいて進めてください,Keikaku ni motozuite susumete kudasai,,調査データに基づいて、今後の計画を立てる,"Chousa deeta ni motozuite, kongo no keikaku o tateru",,法律に基づいて、厳しく処罰される,"Houritsu ni motozuite, kibishiku shobatsu sareru",
〜をきっかけに,JLPT N3,~o kikkake ni,Bermula dari... / Dipicu oleh...,日本のアニメをきっかけに、日本語を始めた,"Nihon no anime o kikkake ni, nihongo o hajimeta",,入院をきっかけに、タバコをやめた,"Nyuuin o kikkake ni, tabako o yameta",,アニメを見たことをきっかけに、日本語の勉強を始めた,"Anime o mita koto o kikkake ni, nihongo no benkyou o hajimeta",
〜を中心に,JLPT N3,~o chuushin ni,Berpusat pada... / Terutama...,駅を中心に新しい街ができる,Eki o chuushin ni atarashii machi ga dekiru,,東京を中心に、大雨が降っている,"Toukyou o chuushin ni, ooame ga futte iru",,若者を中心に、このアプリが流行している,"Wakamono o chuushin ni, kono apuri ga ryuukou shite iru",
〜さえ,JLPT N3,~sae,Bahkan...,名前さえ書けない,Namae sae kakenai,,ひらがなさえ書けないのに、漢字なんて無理だ,"Hiragana sae kakenai noni, kanji nante muri da",,冷蔵庫には卵さえない,Reizouko ni wa tamago sae nai,
〜こそ,JLPT N3,~koso,Justru... / Justru karena...,今年こそ、JLPTに合格したい,"Kotoshi koso, JLPT ni goukaku shitai",,明日こそ、早く起きて勉強する,"Ashita koso, hayaku okite benkyou suru",,あなたこそ、私の最高のパートナーです,"Anata koso, watashi no saikou no paatonaa desu",
〜にかかわらず,JLPT N3,~ni kakawarazu,Tanpa mempedulikan... / Tidak peduli...,天候にかかわらず、試合は行われます,"Tenkou ni kakawarazu, shiai wa okonawaremasu",,天気にかかわらず、試合は行われます,"Tenki ni kakawarazu, shiai wa okonawaremasu",,性別や年齢にかかわらず、誰でも参加できます,"Seibetsu ya nenrei ni kakawarazu, dare demo sanka dekimasu",
〜にもかかわらず,JLPT N3,~ni mo kakawarazu,Meskipun... (Padahal...),雨にもかかわらず、多くの人が来た,"Ame ni mo kakawarazu, ooku no hito ga kita",,雨にもかかわらず、多くの人が集まった,"Ame ni mo kakawarazu, ooku no hito ga atsumatta",,彼は熱があるにもかかわらず、働き続けた,"Kare wa netsu ga aru ni mo kakawarazu, hatarakitsuzuketa",
〜ぬきで / 〜ぬきにして,JLPT N3,~nuki de,Tanpa... / Tanpa menyertakan...,冗談ぬきで話しましょう,Joudan nuki de hanashimashou,,冗談ぬきで、真面目に話しましょう,"Joudan nuki de, majime ni hanashimashou",,わさびぬきでお寿司を頼みました,Wasabi nuki de osushi o tanomimashita,
〜のみならず,JLPT N3,~nomi narazu,Tidak hanya... (formal),日本のみならず、世界中で有名だ,"Nihon nomi narazu, sekaijuu de yuumei da",,彼は日本のみならず、海外でも有名だ,"Kare wa Nihon nomi narazu, kaigai demo yuumei da",,このゲームは子供のみならず、大人も楽しめる,"Kono geemu wa kodomo nomi narazu, otona mo tanoshimeru",
〜反面,JLPT N3,~hanmen,Di sisi lain / Sebaliknya,一人暮らしは自由な反面、寂しい,"Hitorigurashi wa jiyuu na hanmen, sabishii",,この薬はよく効く反面、副作用も強い,"Kono kusuri wa yoku kiku hanmen, fukusayou mo tsuyoi",,都会の生活は便利な反面、ストレスも多い,"Tokai no seikatsu wa benri na hanmen, sutoresu mo ooi",
〜っけ,JLPT N3,~kke,...kan? (konfirmasi hal yang dilupakan),試験は明日だっけ？,Shiken wa ashita dakke?,,明日の会議は何時からだっけ？,Ashita no kaigi wa nanji kara dakke?,,彼の名前は何て言ったっけ？,Kare no namae wa nante ittakke?,
〜っこない,JLPT N3,~kkonai,Pasti tidak akan... / Tidak mungkin...,一日で終わっこないよ,Ichinichi de owarkkonai yo,,こんな難しい問題、私にできっこないよ,"Konna muzukashii mondai, watashi ni dekikkonai yo",,彼がそんな嘘をつきっこない,Kare ga sonna uso o tsukikkonai,
〜心地,JLPT N3,~gouchi,Perasaan saat... (secara fisik/mental),座り心地がいい椅子,Suwarigouchi ga ii isu,,このソファーはとても座り心地がいい,Kono sofaa wa totemo suwarigokochi ga ii,,新しい靴の履き心地はどうですか？,Atarashii kutsu no hakigokochi wa dou desu ka?,
〜っぽい,JLPT N3,~ppoi,Seperti... / Mirip... (nuansa negatif/kekanak-kanakan),この料理は油っぽいです,Kono ryouri wa aburappoi desu,,彼はまだ20歳なのに、とても大人っぽい,"Kare wa mada hatachi na noni, totemo otonappoi",,最近、忘れっぽくて困る,"Saikin, wasureppokute komaru",
〜げ,JLPT N3,~ge,Tampak... / Terlihat...,彼は寂しげに笑った,Kare wa sabishige ni waratta,,彼は寂しげな顔をして歩いていた,Kare wa sabishige na kao o shite aruite ita,,子供たちは楽しげに遊んでいる,Kodomotachi wa tanoshige ni asonde iru,
〜抜く,JLPT N3,~nuku,Melakukan sampai akhir / Sangat...,最後まで走り抜いた,Saigo made hashiruita,,最後まで走り抜くことができた,Saigo made hashirinuku koto ga dekita,,悩み抜いて、会社を辞めることにした,"Nayaminuite, kaisha o yameru koto ni shita",
〜向き,JLPT N3,~muki,Cocok untuk...,これは子供向きの映画です,Kore wa kodomo muki no eiga desu,,この映画は子供向きです,Kono eiga wa kodomomuki desu,,この服のデザインは若者向きではない,Kono fuku no dezain wa wakamonomuki de wa nai,
〜向け,JLPT N3,~muke,Dibuat khusus untuk...,外国人向けの教科書,Gaikokujin muke no kyoukasho,,これは外国人向けの日本語の教科書です,Kore wa gaikokujinmuke no nihongo no kyoukasho desu,,初心者向けのパソコン教室に通っています,Shoshinshamuke no pasokon kyoushitsu ni kayotte imasu,
〜だらけ,JLPT N3,~darake,Penuh dengan... (biasanya hal buruk/kotor),間違いだらけの作文,Machigai darake no sakubun,,彼の部屋はゴミだらけだ,Kare no heya wa gomidarake da,,転んで、服が泥だらけになった,"Koronde, fuku ga dorodarake ni natta",
〜がたい,JLPT N3,~gatai,Sulit untuk... (secara psikologis/mental),信じがたいニュース,Shinjigatai nyu-su,,彼がそんな犯罪を犯すなんて、信じがたい,"Kare ga sonna hanzai o okasu nante, shinjigatai",,これは私にとって忘れがたい経験になりました,Kore wa watashi ni totte wasuregatai keiken ni narimashita,
〜得る / 〜得ない,JLPT N3,~uru / ~enai,Bisa terjadi / Tidak bisa terjadi,事故はいつでも起こり得ます,Jiko wa itsudemo okori-uru masu,,こんな事故はどこでも起こり得る,Konna jiko wa doko demo okoriuru,,彼が負けるなんてあり得ない,Kare ga makeru nante arienai,
〜がちだ,JLPT N3,~gachi da,Sering... / Cenderung... (biasanya untuk hal buruk),冬は風邪をひきがちです,Fuyu wa kaze o hikigachi desu,,彼は最近、学校を休みがちだ,"Kare wa saikin, gakkou o yasumigachi da",,冬は風邪を引きがちなので注意してください,Fuyu wa kaze o hikigachi na node chuui shite kudasai,
〜きる / 〜きれる,JLPT N3,~kiru / ~kireru,Melakukan sampai tuntas / Habis-habisan,読みきれないほど本がある,Yomikirenai hodo hon ga aru,,長い小説を一日で読みきった,Nagai shousetsu o ichinichi de yomikitta,,疲れきって、動けない,"Tsukarekitte, ugokenai",
〜きれない,JLPT N3,~kirenai,Tidak sanggup menghabiskan / Tidak selesai,食べきれないほど多いです,Tabekirenai hodo ooi desu,,料理が多すぎて、一人では食べきれない,"Ryouri ga oosugite, hitori de wa tabekirenai",,感謝の気持ちは言葉では言い表しきれません,Kansha no kimochi wa kotoba de wa iiarawashikiremasen,
〜かけだ / 〜かけの,JLPT N3,~kake da,Belum selesai / Sedang dalam proses,飲みかけのコーヒー,Nomikake no koohii,,テーブルの上に飲みかけのコーヒーがある,Teeburu no ue ni nomikake no koohii ga aru,,言いかけたままで黙ってしまった,Iikaketa mama de damatte shimatta,
〜くせに,JLPT N3,~kuse ni,Padahal... (nuansa mencela/kesal),知らないくせに、知っていると言う,"Shiranai kuse ni, shitte iru to iu",,彼は何も知らないくせに、偉そうに話す,"Kare wa nani mo shiranai kuse ni, erasou ni hanasu",,お金がないくせに、高い車を買いたがる,"Okane ga nai kuse ni, takai kuruma o kaitagaru",
〜せいか,JLPT N3,~sei ka,"Mungkin karena... (gara-gara faktor A, tapi belum yakin)",疲れのせいか、頭が痛い,"Tsukare no sei ka, atama ga itai",,気のせいか、今日は少し暖かい気がする,"Ki no sei ka, kyou wa sukoshi atatakai ki ga suru",,寝不足のせいか、頭がボーッとする,"Nebusoku no sei ka, atama ga bootto suru",
〜際（に）,JLPT N3,~sai (ni),Saat / Ketika (Bentuk formal dari 'toki'),お帰りの際は、お忘れ物に注意してください,"Okaeri no sai wa, owasuremono ni chuui shite kudasai",,帰国の際に、お土産を買います,"Kikoku no sai ni, omiyage o kaimasu",,カードを紛失した際は、すぐにご連絡ください,"Kaado o funshitsu shita sai wa, sugu ni gorenraku kudasai",
〜たて,JLPT N3,~tate,Baru saja... (biasanya untuk makanan/kondisi segar),焼きたてのパン,Yakitate no pan,,焼きたてのパンはとても美味しい,Yakitate no pan wa totemo oishii,,ペンキ塗りたてだから、触らないで,"Penki nuritate dakara, sawaranaide",
〜っぱなし,JLPT N3,~ppanashi,Membiarkan terus... (tanpa dibereskan/diurus),電気をつけっぱなしにしないで,Denki o tsukeppanashi ni shinaide,,テレビをつけっぱなしで寝てしまった,Terebi o tsukeppanashi de nete shimatta,,立ちっぱなしで足が痛い,Tachippanashi de ashi ga itai,
〜ふりをする,JLPT N3,~furi o suru,Pura-pura...,寝ているふりをした,Nete iru furi o shita,,彼は聞こえないふりをした,Kare wa kikoenai furi o shita,,分かったふりをするのはよくない,Wakatta furi o suru no wa yokunai,
〜をもとに（して）,JLPT N3,~o moto ni,Berdasarkan... (sebagai bahan dasar/sumber),この小説は事実をもとに書かれた,Kono shousetsu wa jijitsu o moto ni kakareta,,この映画は実話をもとにして作られた,Kono eiga wa jitsuwa o moto ni shite tsukurareta,,アンケートの結果をもとに、新しい商品を開発する,"Ankeeto no kekka o moto ni, atarashii shouhin o kaihatsu suru",
〜につき,JLPT N3,~ni tsuki,Per... / Dikarenakan... (Formal),清掃中につき、入らないでください,"Seisouchuu ni tsuki, hairanaide kudasai",,雨天につき、本日の試合は中止します,"Uten ni tsuki, honjitsu no shiai wa chuushi shimasu",,店内改装につき、休業いたします,"Tennai kaisou ni tsuki, kyuugyou itashimasu",
〜つつ（ある）,JLPT N3,~tsutsu (aru),Sedang dalam proses... (biasanya perubahan tren),景気は回復しつつあります,Keiki wa kaifuku shitsutsu arimasu,,日本の人口は減りつつある,Nihon no jinkou wa heritsutsu aru,,事態は改善されつつあります,Jitai wa kaizen saretsutsu arimasu,
〜てたまらない,JLPT N3,~te tamaranai,Sangat... sampai tak tertahankan,会いたくてたまらない,Aitakute tamaranai,,寒くてたまらない,Samukute tamaranai,,新しいパソコンが欲しくてたまらない,Atarashii pasokon ga hoshikute tamaranai,
〜て仕方がない,JLPT N3,~te shikata ga nai,Sangat... / Tak ada cara lain selain...,暇で仕方がない,Hima de shikata ga nai,,今日は眠くて仕方がない,Kyou wa nemukute shikata ga nai,,一人暮らしは寂しくて仕方がない,Hitorigurashi wa sabishikute shikata ga nai,
〜てならない,JLPT N3,~te naranai,Sangat... (perasaan yang muncul secara alami),残念でなりません,Zannen de narimasen,,彼の将来が心配でならない,Kare no shourai ga shinpai de naranai,,国の家族に会いたくてならない,Kuni no kazoku ni aitakute naranai,
〜（る）ことはない,JLPT N3,~koto wa nai,Tidak perlu...,君が謝ることはないよ,Kimi ga ayamaru koto wa nai yo,,そんなに心配することはないよ,Sonna ni shinpai suru koto wa nai yo,,君が謝ることはない,Kimi ga ayamaru koto wa nai,
〜ことにしている,JLPT N3,~koto ni shite iru,Memutuskan untuk... (menjadi kebiasaan pribadi),毎日走ることにしています,Mainichi hashiru koto ni shite imasu,,健康のため、毎朝ジョギングすることにしている,"Kenkou no tame, maiasa jogingu suru koto ni shite iru",,寝る前にスマホを見ないことにしている,Neru mae ni sumaho o minai koto ni shite iru,
〜ことになっている,JLPT N3,~koto ni natte iru,Sudah dijadwalkan / Peraturannya adalah...,法律で決まっていることになっている,Houritsu de kimatte iru koto ni natte iru,,私の家では、食後にコーヒーを飲むことになっている,"Watashi no ie de wa, shokugo ni koohii o nomu koto ni natte iru",,法律で、未成年はお酒を飲めないことになっている,"Houritsu de, miseinen wa osake o nomenai koto ni natte iru",
〜から〜にかけて,JLPT N3,~kara ~ni kakete,Dari... sampai... (jangka waktu/area yang tidak kaku),明日は昼から夕方にかけて雨でしょう,Ashita wa hiru kara yuugata ni kakete ame deshou,,明日は夕方から夜にかけて、雨が降るでしょう,"Ashita wa yuugata kara yoru ni kakete, ame ga furu deshou",,春から夏にかけて、色々な花が咲く,"Haru kara natsu ni kakete, iroiro na hana ga saku",
〜に際して / 〜にあたって,JLPT N2,~ni saishite / ~ni atatte,Saat... / Dalam rangka... (Menjelang kejadian besar),新しい事業を始めるにあたって、調査が必要だ,"Atarashii jigyou o hajimeru ni atatte, chousa ga hitsuyou da",,新しい事業を始めるにあたって、十分な調査を行った,"Atarashii jigyou o hajimeru ni atatte, juubun na chousa o okonatta",,留学に際して、多くの準備が必要です,"Ryuugaku ni saishite, ooku no junbi ga hitsuyou desu",
〜たとたん（に）,JLPT N2,~ta totan (ni),Seketika setelah... (Kejadian tak terduga),窓を開けたとたん、強い風が入ってきた,"Mado o aketa totan, tsuyoi kaze ga haitte kita",,ドアを開けたとたん、猫が飛び出してきた,"Doa o aketa totan, neko ga tobideshite kita",,一口食べたとたん、その美味しさに驚いた,"Hitokuchi tabeta totan, sono oishisa ni odoroita",
〜かと思うと / 〜かと思ったら,JLPT N2,~ka to omou to,Baru saja... eh langsung... (Perubahan mendadak),赤ちゃんは泣いたかと思うと、もう笑っている,"Akachan wa naita ka to omou to, mou waratte iru",,赤ちゃんが泣いたかと思うと、もう笑っている,"Akachan ga naita ka to omou to, mou waratte iru",,急に空が暗くなったかと思ったら、雨が降り出した,"Kyuu ni sora ga kuraku natta ka to omottara, ame ga furidashita",
〜か〜ないかのうちに,JLPT N2,~ka ~nai ka no uchi ni,Hampir bersamaan dengan... / Belum juga selesai... sudah...,ベルが鳴るか鳴らないかのうちに、彼は飛び出した,"Beru ga naru ka naranai ka no uchi ni, kare wa tobidashita",,授業が終わるか終わらないかのうちに、彼は教室を飛び出した,"Jugyou ga owaru ka owaranai ka no uchi ni, kare wa kyoushitsu o tobidashita",,布団に入るか入らないかのうちに、眠ってしまった,"Futon ni hairu ka hairanai ka no uchi ni, nemutte shimatta",
〜次第,JLPT N2,~shidai,Segera setelah... (Langsung melakukan sesuatu),準備ができ次第、連絡します,"Junbi ga deki shidai, renraku shimasu",,スケジュールが決まり次第、ご連絡いたします,"Sukejuuru ga kimari shidai, gorenraku itashimasu",,部屋が空き次第、ご案内します,"Heya ga aki shidai, goannai shimasu",
〜あげく,JLPT N2,~ageku,Setelah lama... akhirnya (Hasilnya negatif),さんざん悩んだあげく、買うのをやめた,"Sanzan nayanda ageku, kau no o yameta",,さんざん迷ったあげく、結局買わなかった,"Sanzan mayotta ageku, kekkyoku kawanakatta",,彼と大喧嘩をしたあげく、別れることになった,"Kare to oogenka o shita ageku, wakareru koto ni natta",
〜末（に）,JLPT N2,~sue (ni),Setelah proses panjang... akhirnya (Hasil bisa +/-),激しい議論の末に、計画が決定した,"Hagashii giron no sue ni, keikaku ga kettei shita",,長く苦しい努力の末に、やっと成功を掴んだ,"Nagaku kurushii doryoku no sue ni, yatto seikou o tsukanda",,三日間考えた末、この仕事を引き受けることにした,"Mikkakan kangaeta sue, kono shigoto o hikiukeru koto ni shita",
〜かと思えば,JLPT N2,~ka to omoeba,Ternyata... (Menyatakan kontras atau hal tak terduga),この子は勉強しているかと思えば、遊んでいる,"Kono ko wa benkyou shite iru ka to omoeba, asonde iru",,あの子は笑っているかと思えば、すぐに泣き出す,"Ano ko wa waratte iru ka to omoeba, sugu ni nakidasu",,雨が降っているかと思えば、晴れてきたりする,"Ame ga futte iru ka to omoeba, harete kitari suru",
〜抜く,JLPT N2,~nuku,Melakukan sampai akhir dengan susah payah,大変な仕事だったが、最後までやり抜いた,"Taihen na shigoto datta ga, saigo made yarinuita",,最後まで走り抜くことができた,Saigo made hashirinuku koto ga dekita,,悩み抜いて、会社を辞めることにした,"Nayaminuite, kaisha o yameru koto ni shita",
〜きり,JLPT N2,~kiri,Hanya / Sejak... (dan tidak terjadi lagi),彼は朝出かけたきり、帰ってこない,"Kare wa asa dekaketa kiri, kaette konai",,彼女とは去年の同窓会で会ったきりだ,Kanojo to wa kyonen no dousoukai de atta kiri da,,子供は朝出かけたきり、まだ帰ってこない,"Kodomo wa asa dekaketa kiri, mada kaette konai",
〜どころではない,JLPT N2,~dokoro de wa nai,Boro-boro... / Bukan saatnya untuk...,仕事が忙しくて、休むどころではない,"Shigoto ga isogashikute, yasumu dokoro de wa nai",,仕事が忙しくて、旅行どころではない,"Shigoto ga isogashikute, ryokou dokoro de wa nai",,頭が痛くて、勉強どころではなかった,"Atama ga itakute, benkyou dokoro de wa nakatta",
〜どころか,JLPT N2,~dokoro ka,Jangankan... / Malah sebaliknya...,独身どころか、子供が三人います,"Dokushin dokoro ka, kodomo ga sanning imasu",,彼は貯金どころか、借金まである,"Kare wa chokin dokoroka, shakkin made aru",,涼しいどころか、寒いくらいだ,"Suzushii dokoroka, samui kurai da",
〜なりに,JLPT N2,~nari ni,Sesuai dengan kapasitas / Dengan cara sendiri,子供なりに一生懸命考えている,Kodomo nari ni isshoukenmei kangaete iru,,彼なりに一生懸命頑張っている,Kare nari ni isshoukenmei ganbatte iru,,狭いなら狭いなりに、工夫して暮らしている,"Semai nara semai nari ni, kufuu shite kurashite iru",
〜わりに（は）,JLPT N2,~wari ni (wa),Meskipun... (Padahal standarnya tidak begitu),このお菓子は安いわりに、美味しい,"Kono okashi wa yasui wari ni, oishii",,このレストランは値段のわりに美味しい,Kono resutoran wa nedan no wari ni oishii,,彼はたくさん食べるわりには太らない,Kare wa takusan taberu wari ni wa futoranai,
〜にしては,JLPT N2,~ni shite wa,Untuk ukuran... (Hasilnya di luar ekspektasi),初めてにしては、上手にできました,"Hajimete ni shite wa, jouzu ni dekimashita",,初めて作ったにしては、よくできている,"Hajimete tsukutta ni shite wa, yoku dekite iru",,外国人にしては、日本語の発音が自然だ,"Gaikokujin ni shite wa, nihongo no hatsuon ga shizen da",
〜だけ（のことは）ある,JLPT N2,~dake (no koto wa) aru,Pantas saja... / Sebanding dengan...,十年日本にいただけあって、日本語が上手だ,"Juunen Nihon ni ita dake atte, nihongo ga jouzu da",,一生懸命練習しただけのことはあって、見事な演奏だった,"Isshoukenmei renshuu shita dake no koto wa atte, migoto na ensou datta",,この靴は高いだけのことはある。とても歩きやすい,Kono kutsu wa takai dake no koto wa aru. Totemo arukiyasui,
〜からして,JLPT N2,~kara shite,Dilihat dari... saja sudah... (Menilai keseluruhan dari satu bagian),この家は玄関からして立派だ,Kono ie wa genkan kara shite rippa da,,あのレストランは雰囲気からして高級そうだ,Ano resutoran wa fun'iki kara shite koukyuusou da,,彼の態度からして、やる気が感じられない,"Kare no taido kara shite, yaruki ga kanjirarenai",
〜からといって,JLPT N2,~kara to itte,Hanya karena... (Bukan berarti...),日本に住んでいるからといって、英語が話せないわけではない,"Nihon ni sunde iru kara to itte, eigo ga hanasenai wake de wa nai",,安いからといって、無駄遣いしてはいけない,"Yasui kara to itte, mudazukai shite wa ikenai",,便利だからといって、スマホに頼りすぎるのはよくない,"Benri dakara to itte, sumaho ni tayorisugiru no wa yokunai",
〜っこない,JLPT N2,~kkonai,Mustahil / Pasti tidak bisa (Informal),そんな難しいこと、できっこないよ,"Sonna muzukashii koto, dekikkonai yo",,こんな難しい問題、私にできっこないよ,"Konna muzukashii mondai, watashi ni dekikkonai yo",,彼がそんな嘘をつきっこない,Kare ga sonna uso o tsukikkonai,
〜（る）しかない,JLPT N2,~(ru) shika nai,Tidak ada pilihan lain selain...,電車がないから、歩くしかありません,"Densha ga nai kara, aruku shika arimasen",,終電が行ってしまったので、歩いて帰るしかない,"Shuuden ga itte shimatta node, aruite kaeru shika nai",,パソコンが壊れたら、新しいのを買うしかない,"Pasokon ga kowaretara, atarashii no o kau shika nai",
〜とおりだ / 〜とおりに,JLPT N2,~toori da,Sesuai dengan...,予想したとおり、結果は良かった,"Yosou shita toori, kekka wa yokatta",,天気予報のとおり、午後から雨になった,"Tenkiyohou no toori, gogo kara ame ni natta",,先生に言われたとおりに練習した,Sensei ni iwareta toori ni renshuu shita,
〜反面,JLPT N2,~hanmen,Di sisi lain (Kontras),この薬はよく効く反面、副作用も強い,"Kono kusuri wa yoku kiku hanmen, fukusayou mo tsuyoi",,この薬はよく効く反面、副作用も強い,"Kono kusuri wa yoku kiku hanmen, fukusayou mo tsuyoi",,都会の生活は便利な反面、ストレスも多い,"Tokai no seikatsu wa benri na hanmen, sutoresu mo ooi",
〜一方（で）,JLPT N2,~ippou (de),Di samping itu... / Di sisi lain...,彼は歌手である一方で、俳優でもある,"Kare wa kashu de aru ippou de, haiyuu demo aru",,私の仕事は増える一方だ,Watashi no shigoto wa fueru ippou da,,この町は発展する一方で、自然が失われつつある,"Kono machi wa hatten suru ippou de, shizen ga ushinawaretsutsu aru",
〜上に,JLPT N2,~ue ni,Sudah... ditambah lagi... (Selain itu),彼女は綺麗な上に、頭もいい,"Kanojo wa kirei na ue ni, atama mo ii",,今日は雨が降っている上に、風も強い,"Kyou wa ame ga futte iru ue ni, kaze mo tsuyoi",,あの店は料理が美味しい上に、サービスも最高だ,"Ano mise wa ryouri ga oishii ue ni, saabisu mo saikou da",
〜に限って,JLPT N2,~ni kagitte,Khusus untuk... (Seringkali saat sial/berbeda),忙しい時に限って、客が来る,"Isogashii toki ni kagitte, kyaku ga kuru",,傘を持たない日に限って、雨が降る,"Kasa o motanai hi ni kagitte, ame ga furu",,うちの子供に限って、そんな悪いことはしない,"Uchi no kodomo ni kagitte, sonna warui koto wa shinai",
〜をきっかけに,JLPT N2,~o kikkake ni,Bermula dari... / Berkat pemicu...,結婚をきっかけに、タバコをやめた,"Kekkon o kikkake ni, tabako o yameta",,入院をきっかけに、タバコをやめた,"Nyuuin o kikkake ni, tabako o yameta",,アニメを見たことをきっかけに、日本語の勉強を始めた,"Anime o mita koto o kikkake ni, nihongo no benkyou o hajimeta",
〜を契機に,JLPT N2,~o keiki ni,Sebagai momentum untuk... (Formal dari kikkake),東京オリンピックを契機に、街が変わった,"Toukyou Orinpikku o keiki ni, machi ga kawatta",,会社の倒産を契機に、自分でビジネスを始めた,"Kaisha no tousan o keiki ni, jibun de bijinesu o hajimeta",,病気を契機に、お酒をやめることにした,"Byouki o keiki ni, osake o yameru koto ni shita",
〜を問わず,JLPT N2,~o towazu,Tanpa memandang... / Tidak peduli...,この仕事は経験を問わず、誰でも応募できる,"Kono shigoto wa keiken o towazu, dare demo oubo dekiru",,このスポーツは年齢や性別を問わず楽しめる,Kono supootsu wa nenrei ya seibetsu o towazu tanoshimeru,,経験の有無を問わず、社員を募集しています,"Keiken no umu o towazu, shain o boshuu shite imasu",
〜はともかく,JLPT N2,~wa tomokaku,Lupakan dulu soal... / Di luar masalah...,味はともかく、見た目は綺麗だ,"Aji wa tomokaku, mitame wa kirei da",,結果はともかく、最後まで頑張ることが大切だ,"Kekka wa tomokaku, saigo made ganbaru koto ga taisetsu da",,味はともかく、見た目はとても美しい,"Aji wa tomokaku, mitame wa totemo utsukushii",
〜は抜きにして,JLPT N2,~wa nuki ni shite,Tanpa menyertakan... / Mari abaikan...,仕事の話は抜きにして、楽しみましょう,"Shigoto no hanashi wa nuki ni shite, tanoshimishou",,硬い話は抜きにして、楽しく飲みましょう,"Katai hanashi wa nuki ni shite, tanoshiku nomimashou",,冗談は抜きにして、真剣に考えてください,"Joudan wa nuki ni shite, shinken ni kangaete kudasai",
〜ぬきで / 〜ぬきにして,JLPT N2,~nuki de,Tanpa / Tanpa menyertakan,冗談抜きで真面目に考えてください,Joudan nuki de majime ni kangaete kudasai,,冗談ぬきで、真面目に話しましょう,"Joudan nuki de, majime ni hanashimashou",,わさびぬきでお寿司を頼みました,Wasabi nuki de osushi o tanomimashita,
〜つつ / 〜つつある,JLPT N2,~tsutsu,Sambil (Formal) / Sedang dalam proses,将来の計画を考えつつ、仕事をしています,"Shourai no keikaku o kangaetsutsu, shigoto o shite imasu",,彼は健康に悪いと知りつつ、タバコを吸い続けている,"Kare wa kenkou ni warui to shiritsutsu, tabako o suitsuzukete iru",,日本の働き方は少しずつ変わりつつある,Nihon no hatarakikata wa sukoshizutsu kawaritsutsu aru,
〜にこたえて,JLPT N2,~ni kotaete,Menanggapi / Menjawab (Harapan/Permintaan),客の要望にこたえて、営業時間を延長した,"Kyaku no youbou ni kotaete, eigyou jikan o enchou shita",,ファンの期待にこたえて、彼は見事なホームランを打った,"Fan no kitai ni kotaete, kare wa migoto na hoomuran o utta",,アンコールの声にこたえて、歌手が再びステージに登場した,"Ankooru no koe ni kotaete, kashu ga futatabi suteeji ni toujou shita",
〜に沿って,JLPT N2,~ni sotte,Sesuai dengan / Mengikuti (Rencana/Aturan),マニュアルに沿って作業を進めてください,Manyuaru ni sotte sagyou o susumete kudasai,,計画に沿ってプロジェクトを進めます,Keikaku ni sotte purojekuto o susumemasu,,お客様の希望に沿って、プランを作成いたします,"Okyakusama no kibou ni sotte, puran o sakusei itashimasu",
〜に先立ち,JLPT N2,~ni sakidachi,Sebelum... / Menjelang...,試合に先立ち、選手宣誓が行われた,"Shiai ni sakidachi, senshu sensei ga okonawareta",,会議に先立ち、資料をお配りします,"Kaigi ni sakidachi, shiryou o okubari shimasu",,新商品の発売に先立ち、キャンペーンを行います,"Shinshouhin no hatsubai ni sakidachi, kyanpeen o okonaimasu",
〜にわたって,JLPT N2,~ni watatte,Selama / Di seluruh (Jangka waktu/Tempat),会議は三日間にわたって行われました,Kaigi wa mikkakan ni watatte okonawaremashita,,会議は3時間にわたって行われた,Kaigi wa sanjikan ni watatte okonawareta,,この病院では、10年にわたってガン治療の研究が続けられている,"Kono byouin de wa, juunen ni watatte gan chiryou no kenkyuu ga tsuzukerarete iru",
〜から〜にかけて,JLPT N2,~kara ~ni kakete,Dari... sampai... (Jangkauan tidak kaku),昨夜から今朝にかけて雨が降りました,Sakuya kara kesa ni kakete ame ga furimashita,,明日は夕方から夜にかけて、雨が降るでしょう,"Ashita wa yuugata kara yoru ni kakete, ame ga furu deshou",,春から夏にかけて、色々な花が咲く,"Haru kara natsu ni kakete, iroiro na hana ga saku",
〜において / 〜における,JLPT N2,~ni oite,Di / Pada (Formal dari 'de'),現代社会において、インターネットは不可欠だ,"Gendai shakai ni oite, inta-netto wa fukaketsu da",,入学式は体育館において行われます,Nyuugakushiki wa taiikukan ni oite okonawaremasu,,現代社会におけるスマホの役割は非常に大きい,Gendaishakai ni okeru sumaho no yakuwari wa hijou ni ookii,
〜に応じて,JLPT N2,~ni oujite,Sesuai dengan / Berdasarkan (Perubahan/Kebutuhan),体力に応じて運動の強度を変えてください,Tairyoku ni oujite undou no kyoudo o kaete kudasai,,予算に応じて、旅行のプランを提案します,"Yosan ni oujite, ryokou no puran o teian shimasu",,レベルに応じてクラスを分けます,Reberu ni oujite kurasu o wakemasu,
〜にかかわらず,JLPT N2,~ni kakawarazu,Tanpa mempedulikan... / Terlepas dari...,性別にかかわらず、誰でも応募できます,"Seibetsu ni kakawarazu, dare demo oubo dekimasu",,天気にかかわらず、試合は行われます,"Tenki ni kakawarazu, shiai wa okonawaremasu",,性別や年齢にかかわらず、誰でも参加できます,"Seibetsu ya nenrei ni kakawarazu, dare demo sanka dekimasu",
〜にもかかわらず,JLPT N2,~ni mo kakawarazu,Meskipun... / Padahal...,体調が悪いにもかかわらず、彼は出社した,"Taichou ga warui ni mo kakawarazu, kare wa shussha shita",,雨にもかかわらず、多くの人が集まった,"Ame ni mo kakawarazu, ooku no hito ga atsumatta",,彼は熱があるにもかかわらず、働き続けた,"Kare wa netsu ga aru ni mo kakawarazu, hatarakitsuzuketa",
〜ぬ（ん）ばかりに,JLPT N2,~nu bakari ni,Seolah-olah... (Hampir melakukan sesuatu),彼女は泣き出さんばかりの顔をしていた,Kanojo wa nakidasan bakari no kao o shite ita,,彼女は泣き出さんばかりの顔で私を見た,Kanojo wa nakidasan bakari no kao de watashi o mita,,怒らんばかりの口調で注意された,Okoran bakari no kuchou de chuui sareta,
〜んばかりだ,JLPT N2,~n bakari da,Sangat... (Hampir meledak/tumpah),溢れんばかりの情熱,Afuren bakari no jounetsu,,土砂降りの雨で、川が今にもあふれんばかりだ,"Doshaburi no ame de, kawa ga ima ni mo afuren bakari da",,彼は今にも飛び出さんばかりの勢いだった,Kare wa ima ni mo tobidasan bakari no ikioi datta,
〜ばかりか,JLPT N2,~bakari ka,Bukan hanya... (Bahkan lebih lagi),彼女は英語ばかりか、中国語も話せる,"Kanojo wa eigo bakari ka, chuugokugo mo hanaseru",,彼は嘘をついたばかりか、謝ろうともしない,"Kare wa uso o tsuita bakari ka, ayamarou to mo shinai",,このアパートは狭いばかりか、家賃も高い,"Kono apaato wa semai bakari ka, yachin mo takai",
〜のみならず,JLPT N2,~nomi narazu,Bukan hanya... (Formal),日本のみならず、海外でも人気がある,"Nihon nomi narazu, kaigai demo ninki ga aru",,彼は日本のみならず、海外でも有名だ,"Kare wa Nihon nomi narazu, kaigai demo yuumei da",,このゲームは子供のみならず、大人も楽しめる,"Kono geemu wa kodomo nomi narazu, otona mo tanoshimeru",
〜に限らず,JLPT N2,~ni kagirazu,Tidak terbatas pada... (Juga yang lain),平日に限らず、週末も仕事です,"Heijitsu ni kagirazu, shuumatsu mo shigoto desu",,日本に限らず、世界中で環境問題が深刻化している,"Nihon ni kagirazu, sekaijuu de kankyou mondai ga shinkokuka shite iru",,若者に限らず、お年寄りもスマホを使う時代だ,"Wakamono ni kagirazu, otoshiyori mo sumaho o tsukau jidai da",
〜はもちろん / 〜はもとより,JLPT N2,~wa mochiron,Sudah tentu... (Juga yang lain),この店は味はもちろん、サービスもいい,"Kono mise wa aji wa mochiron, sa-bisu mo ii",,あのレストランは味はもちろん、サービスも素晴らしい,"Ano resutoran wa aji wa mochiron, saabisu mo subarashii",,英語はもとより、フランス語もペラペラだ,"Eigo wa motoyori, furansugo mo perapera da",
〜ついでに,JLPT N2,~tsuide ni,Sekalian / Sambil (Melakukan kegiatan utama),買い物のついでに、銀行に寄った,"Kaimono no tsuide ni, ginkou ni yotta",,散歩のついでに、手紙を出してきました,"Sanpo no tsuide ni, tegami o dashite kimashita",,買い物に行くついでに、ゴミを捨ててね,"Kaimono ni iku tsuide ni, gomi o sutete ne",
〜がてら,JLPT N2,~gatera,Sambil (Kegiatan A dan B dilakukan bersamaan),散歩がてら、本屋に行ってくる,"Sanpo gatera, honya ni itte kuru",,散歩がてら、コンビニに行ってきます,"Sanpo gatera, konbini ni itte kimasu",,買い物がてら、図書館で本を借りた,"Kaimono gatera, toshokan de hon o karita",
〜かたがた,JLPT N2,~katagata,Sekalian untuk (Tujuan ganda formal),お礼かたがた、挨拶に伺いました,"Orei katagata, aisatsu ni ukagaimashita",,ご挨拶かたがた、お伺いいたします,"Goaisatsu katagata, oukagai itashimasu",,お見舞いかたがた、病院へ行きました,"Omimai katagata, byouin e ikimashita",
〜かたわら,JLPT N2,~katawara,Sambil melakukan (Pekerjaan sampingan),会社員として働くかたわら、小説を書いている,"Kaishain toshite hataraku katawara, shousetsu o kaite iru",,彼は会社員のかたわら、小説を書いている,"Kare wa kaishain no katawara, shousetsu o kaite iru",,主婦のかたわら、ボランティア活動をしている,"Shufu no katawara, borantia katsudou o shite iru",
〜てからというもの,JLPT N2,~te kara to iu mono,Semenjak... (Terjadi perubahan besar setelahnya),日本に来てからというもの、毎日が忙しい,"Nihon ni kite kara to iu mono, mainichi ga isogashii",,彼女に出会ってからというもの、私の人生は明るくなった,"Kanojo ni deatte kara to iu mono, watashi no jinsei wa akaruku natta",,タバコをやめてからというもの、体調がとてもいい,"Tabako o yamete kara to iu mono, taichou ga totemo ii",
〜を皮切りに,JLPT N2,~o kawakiri ni,Dimulai dengan... (Dan terus berlanjut),東京を皮切りに、全国ツアーが始まる,"Toukyou o kawakiri ni, zenkoku tsua- ga hajimaru",,東京での公演を皮切りに、全国ツアーが始まる,"Toukyou de no kouen o kawakiri ni, zenkoku tsuaa ga hajimaru",,あの事件を皮切りに、次々と問題が発覚した,"Ano jiken o kawakiri ni, tsugitsugi to mondai ga hakkaku shita",
〜を機に,JLPT N2,~o ki ni,Menggunakan kesempatan... untuk...,退職を機に、新しい趣味を始めた,"Taishoku o ki ni, atarashii shumi o hajimeta",,引っ越しを機に、古い家具を全部捨てた,"Hikkoshi o ki ni, furui kagu o zenbu suteta",,退職を機に、海外旅行へ行くつもりだ,"Taishoku o ki ni, kaigairyokou e iku tsumori da",
〜に及んで,JLPT N2,~ni oyonde,Bahkan sampai... (Mencapai titik kritis),ここに至るに及んで、やっと決心した,"Koko ni itaru ni oyonde, yatto kesshin shita",,事ここに及んで、まだ言い訳をするのか,"Koto koko ni oyonde, mada iiwake o suru no ka",,手術するに及んで、初めて事の重大さに気づいた,"Shujutsu suru ni oyonde, hajimete koto no juudaisa ni kizuita",
〜にあたって,JLPT N2,~ni atatte,Pada kesempatan... / Menjelang...,面接にあたって、十分な準備が必要だ,"Mensetsu ni atatte, juubun na junbi ga hitsuyou da",,開会にあたって、社長からご挨拶申し上げます,"Kaikai ni atatte, shachou kara goaisatsu moushiagemasu",,契約にあたって、注意事項をご説明します,"Keiyaku ni atatte, chuuijikou o gosetsumei shimasu",
〜ものの,JLPT N2,~monono,Meskipun... (Tetapi kenyataannya berbeda),免許は持っているものの、車は持っていない,"Menkyo wa motte iru monono, kuruma wa motte inai",,新しいパソコンを買ったものの、使い方がよくわからない,"Atarashii pasokon o katta mono no, tsukaikata ga yoku wakaranai",,謝ったものの、まだ彼は怒っているようだ,"Ayamatta mono no, mada kare wa okotte iru you da",
〜といっても,JLPT N2,~to itte mo,Meskipun dibilang... (Namun aslinya tidak seberapa),料理ができるといっても、簡単なものだけだ,"Ryouri ga dekiru to itte mo, kantan na mono dake da",,料理ができるといっても、卵焼きくらいです,"Ryouri ga dekiru to itte mo, tamagoyaki kurai desu",,家が広いといっても、部屋は二つだけです,"Ie ga hiroi to itte mo, heya wa futatsu dake desu",
〜からといって,JLPT N2,~kara to itte,Hanya karena... (Bukan berarti...),暑いからといって、冷たいものばかり飲んではいけない,"Atsui kara to itte, tsumetai mono bakari nonde wa ikenai",,安いからといって、無駄遣いしてはいけない,"Yasui kara to itte, mudazukai shite wa ikenai",,便利だからといって、スマホに頼りすぎるのはよくない,"Benri dakara to itte, sumaho ni tayorisugiru no wa yokunai",
〜ながら（も）,JLPT N2,~nagara (mo),Meskipun... (Namun bertentangan),残念ながら、ご期待にはそえません,"Zannen nagara, gokitai ni wa soemasen",,子供ながらも、彼の言うことはしっかりしている,"Kodomo nagara mo, kare no iu koto wa shikkari shite iru",,狭いながらも、楽しい我が家です,"Semai nagara mo, tanoshii wagaya desu",
〜つつ（も）,JLPT N2,~tsutsu (mo),Meskipun... (tapi melakukan hal sebaliknya),体に悪いと知りつつ、タバコがやめられない,"Karada ni warui to shiritsutsu, tabako ga yamerarenai",,悪いと知りつつも、つい嘘をついてしまった,"Warui to shiritsutsu mo, tsui uso o tsuite shimatta",,早く起きなければと思いつつも、二度寝してしまった,"Hayaku okinakereba to omoitsutsu mo, nidone shite shimatta",
〜としたら / 〜とすれば,JLPT N2,~to shitara,Seandainya... / Jika benar bahwa...,もし生まれ変わるとしたら、鳥になりたい,"Moshi umarekawaru to shitara, tori ni naritai",,もし宝くじが当たったとしたら、家を買いたい,"Moshi takarakuji ga atatta to shitara, ie o kaitai",,彼が犯人だとしたら、動機は何だろうか,"Kare ga hannin da to shitara, douki wa nan darou ka",
〜としても / 〜にしても,JLPT N2,~to shite mo,Walaupun... / Sekalipun...,忙しいにしても、連絡ぐらいはできるはずだ,"Isogashii ni shite mo, renraku gurai wa dekiru hazu da",,たとえ失敗したとしても、後悔はしない,"Tatoe shippai shita to shite mo, koukai wa shinai",,忙しいにしても、連絡くらいはできるはずだ,"Isogashii ni shite mo, renraku kurai wa dekiru hazu da",
〜に際して,JLPT N2,~ni saishite,Saat / Ketika (untuk kejadian khusus/formal),留学に際して、先生に助言をいただいた,"Ryuugaku ni saishite, sensei ni jogen o itadaita",,受験に際して、健康管理には十分注意してください,"Juken ni saishite, kenkou kanri ni wa juubun chuui shite kudasai",,面接に際して、志望動機をまとめておいた,"Mensetsu ni saishite, shibou douki o matomete oita",
〜に基づいて,JLPT N2,~ni motozuite,"Berdasarkan (data, hukum, metode)",この映画は事実に基づいて作られた,Kono eiga wa jijitsu ni motozuite tsukurareta,,調査データに基づいて、今後の計画を立てる,"Chousa deeta ni motozuite, kongo no keikaku o tateru",,法律に基づいて、厳しく処罰される,"Houritsu ni motozuite, kibishiku shobatsu sareru",
〜をもとに（して）,JLPT N2,~o moto ni,Berdasarkan (sebagai bahan dasar/inspirasi),ひらがなは漢字をもとに作られた,Hiragana wa kanji o moto ni tsukurareta,,この映画は実話をもとにして作られた,Kono eiga wa jitsuwa o moto ni shite tsukurareta,,アンケートの結果をもとに、新しい商品を開発する,"Ankeeto no kekka o moto ni, atarashii shouhin o kaihatsu suru",
〜をめぐって,JLPT N2,~o megutte,Memperebutkan / Mengenai (konflik/perdebatan),親の遺産をめぐって、兄弟が争っている,"Oya no isan o megutte, kyoudai ga arasotte iru",,遺産をめぐって、兄弟で争っている,"Isan o megutte, kyoudai de arasotte iru",,新しい法律をめぐって、国会で激しい議論が交わされた,"Atarashii houritsu o megutte, kokkai de hageshii giron ga kawasareta",
〜を問わず,JLPT N2,~o towazu,Tanpa memandang / Tidak peduli...,このスポーツは年齢を問わず、誰でも楽しめる,"Kono supo-tsu wa nenrei o towazu, dare demo tanoshimeru",,このスポーツは年齢や性別を問わず楽しめる,Kono supootsu wa nenrei ya seibetsu o towazu tanoshimeru,,経験の有無を問わず、社員を募集しています,"Keiken no umu o towazu, shain o boshuu shite imasu",
〜にかかわらず,JLPT N2,~ni kakawarazu,Tidak mempedulikan... / Terlepas dari...,理由にかかわらず、遅刻は認められません,"Riyuu ni kakawarazu, chikoku wa mitomeraremasen",,天気にかかわらず、試合は行われます,"Tenki ni kakawarazu, shiai wa okonawaremasu",,性別や年齢にかかわらず、誰でも参加できます,"Seibetsu ya nenrei ni kakawarazu, dare demo sanka dekimasu",
〜もかまわず,JLPT N2,~mo kamawazu,Tanpa mempedulikan... (hal yang biasanya dihiraukan),彼女は人目もかまわず泣き続けた,Kanojo wa hitome mo kamawazu nakitsuzuketa,,彼は人目もかまわず、大声で泣き出した,"Kare wa hitome mo kamawazu, oogoe de nakidashita",,雨で服が濡れるのもかまわず、走り続けた,"Ame de fuku ga nureru no mo kamawazu, hashiritsuzuketa",
〜のみならず,JLPT N2,~nomi narazu,Bukan hanya... (tapi juga),電気代のみならず、ガス代も値上がりした,"Denkidai nomi narazu, gasudai mo neagari shita",,彼は日本のみならず、海外でも有名だ,"Kare wa Nihon nomi narazu, kaigai demo yuumei da",,このゲームは子供のみならず、大人も楽しめる,"Kono geemu wa kodomo nomi narazu, otona mo tanoshimeru",
〜ばかりか,JLPT N2,~bakari ka,Bukan hanya... (bahkan hal yang lebih ekstrem),雨ばかりか、風も強くなってきた,"Ame bakari ka, kaze mo tsuyoku natte kita",,彼は嘘をついたばかりか、謝ろうともしない,"Kare wa uso o tsuita bakari ka, ayamarou to mo shinai",,このアパートは狭いばかりか、家賃も高い,"Kono apaato wa semai bakari ka, yachin mo takai",
〜はおろか,JLPT N2,~wa oroka,Jangankan... (bahkan hal yang lebih sederhana pun tidak),彼は漢字はおろか、ひらがなも書けない,"Kare wa kanji wa oroka, hiragana mo kakenai",,彼は漢字はおろか、ひらがなも読めない,"Kare wa kanji wa oroka, hiragana mo yomenai",,うちの犬は泥棒に吠えるはおろか、尻尾を振って喜ぶ,"Uchi no inu wa dorobou ni hoeru wa oroka, shippo o futte yorokobu",
〜はともかく,JLPT N2,~wa tomokaku,Terlepas dari... / Mari kesampingkan dulu...,値段はともかく、デザインが気に入った,"Nedan wa tomokaku, dezain ga kiniitta",,結果はともかく、最後まで頑張ることが大切だ,"Kekka wa tomokaku, saigo made ganbaru koto ga taisetsu da",,味はともかく、見た目はとても美しい,"Aji wa tomokaku, mitame wa totemo utsukushii",
〜は抜きにして,JLPT N2,~wa nuki ni shite,Tanpa menyertakan... / Abaikan saja...,挨拶は抜きにして、本題に入りましょう,"Aisatsu wa nuki ni shite, hondai ni hairimashou",,硬い話は抜きにして、楽しく飲みましょう,"Katai hanashi wa nuki ni shite, tanoshiku nomimashou",,冗談は抜きにして、真剣に考えてください,"Joudan wa nuki ni shite, shinken ni kangaete kudasai",
〜ぬきでは〜ない,JLPT N2,~nuki de wa ~nai,Jika tanpa... maka tidak bisa...,皆様の協力ぬきでは、成功はあり得ない,"Minasama no kyouryoku nuki de wa, seikou wa arienai",,社員の協力ぬきでは、このプロジェクトは成功しない,"Shain no kyouryoku nuki de wa, kono purojekuto wa seikou shinai",,彼の努力ぬきでは、今のチームはあり得ない,"Kare no doryoku nuki de wa, ima no chiimu wa arienai",
〜さえ〜ば,JLPT N2,~sae ~ba,Asal... saja (satu-satunya syarat),水さえあれば、一週間は生きられる,"Mizu sae areba, isshuukan wa ikirareru",,お金さえあれば、幸せになれるわけではない,"Okane sae areba, shiawase ni nareru wake de wa nai",,薬を飲みさえすれば、治ります,"Kusuri o nomi sae sureba, naorimasu",
〜反面,JLPT N2,~hanmen,Di sisi lain / Sebaliknya,この街は便利な反面、騒がしい,"Kono machi wa benri na hanmen, sawagashii",,この薬はよく効く反面、副作用も強い,"Kono kusuri wa yoku kiku hanmen, fukusayou mo tsuyoi",,都会の生活は便利な反面、ストレスも多い,"Tokai no seikatsu wa benri na hanmen, sutoresu mo ooi",
〜一方で,JLPT N2,~ippou de,Di sisi lain... (menunjukkan dua hal yang setara/kontras),子供を育てる一方で、仕事を続けている,"Kodomo o sodateru ippou de, shigoto o tsuzukete iru",,彼女は女優として活躍する一方で、母親としても頑張っている,"Kanojo wa joyuu to shite katsuyaku suru ippou de, hahaoya to shite mo ganbatte iru",,ネットは便利な一方で、犯罪に巻き込まれる危険もある,"Netto wa benri na ippou de, hanzai ni makikomaleru kiken mo aru",
〜につれて,JLPT N2,~ni tsurete,Seiring dengan... (perubahan proporsional),時間が経つにつれて、悲しみが薄れてきた,"Jikan ga tatsu ni tsurete, kanashimi ga usurete kita",,秋が深まるにつれて、木々の葉が赤く染まった,"Aki ga fukamaru ni tsurete, kigi no ha ga akaku somatta",,時間が経つにつれて、悲しみが和らいできた,"Jikan ga tatsu ni tsurete, kanashimi ga yawaragide kita",
〜にしたがって,JLPT N2,~ni shitagatte,Sesuai dengan / Seiring dengan...,北に行くにしたがって、雪が深くなる,"Kita ni iku ni shitagatte, yuki ga fukaku naru",,高く登るにしたがって、空気が薄くなる,"Takaku noboru ni shitagatte, kuuki ga usuku naru",,ルールにしたがって行動してください,Ruuru ni shitagatte koudou shite kudasai,
〜に伴って,JLPT N2,~ni tomonatte,Bersamaan dengan... / Seiring dengan...,人口の増加に伴って、多くの問題が発生した,"Jinkou no zouka ni tomonatte, ooku no mondai ga hassei shita",,人口の増加に伴って、住宅不足が問題になっている,"Jinkou no zouka ni tomonatte, juutakubusoku ga mondai ni natte iru",,経済の発展に伴って、人々の生活も豊かになった,"Keizai no hatten ni tomonatte, hitobito no seikatsu mo yutaka ni natta",
〜とともに,JLPT N2,~to tomo ni,Bersamaan dengan... / Sejalan dengan...,正月は家族とともに過ごしたい,Shougatsu wa kazoku to tomo ni sugoshitai,,年をとるとともに、体力が落ちてきた,"Toshi o toru to tomo ni, tairyoku ga ochite kita",,家族とともに過ごす時間が一番幸せだ,Kazoku to tomo ni sugosu jikan ga ichiban shiawase da,
〜次第で / 〜次第だ,JLPT N2,~shidai de,Tergantung pada...,結果は君の努力次第だ,Kekka wa kimi no doryoku shidai da,,考え方次第で、人生は楽しくなる,"Kangaekata shidai de, jinsei wa tanoshiku naru",,成功するかどうかは、あなたの努力次第だ,"Seikou suru ka dou ka wa, anata no doryoku shidai da",
〜に応じて,JLPT N2,~ni oujite,"Sesuai dengan... (permintaan, situasi, usia)",予算に応じて、コースを選んでください,"Yosan ni oujite, ko-su o erande kudasai",,予算に応じて、旅行のプランを提案します,"Yosan ni oujite, ryokou no puran o teian shimasu",,レベルに応じてクラスを分けます,Reberu ni oujite kurasu o wakemasu,
〜につけて,JLPT N2,~ni tsukete,Setiap kali... (muncul perasaan tertentu),その曲を聴くにつけて、故郷を思い出す,"Sono kyoku o kiku ni tsukete, furusato o omoidashasu",,この写真を見るにつけて、楽しかった旅行を思い出す,"Kono shashin o miru ni tsukete, tanoshikatta ryokou o omoidasu",,何かにつけて、彼は文句を言う,"Nanika ni tsukete, kare wa monku o iu",
〜やら〜やら,JLPT N2,~yara ~yara,...dan... dan sebagainya (nuansa kacau/repot),宿題やら準備やらで、昨日は忙しかった,"Shukudai yara junbi yara de, kinou wa isogashikatta",,机の上には本やらノートやらが散らかっている,Tsukue no ue ni wa hon yara nooto yara ga chirakatte iru,,泣きたいやら嬉しいやらで、気持ちが落ち着かない,"Nakitai yara ureshii yara de, kimochi ga ochitsukanai",
〜というか〜というか,JLPT N2,~to iu ka ~to iu ka,Entah dibilang A atau dibilang B,彼は親切というかおせっかいというか、不思議な人だ,"Kare wa shinsetsu to iu ka osekkai to iu ka, fushigi na hito da",,彼は親切というか、おせっかいというか、とにかくよく話しかけてくる,"Kare wa shinsetsu to iu ka, osekkai to iu ka, tonikaku yoku hanashikakete kuru",,あの部屋は個性的というか、少し変わっている,"Ano heya wa koseiteki to iu ka, sukoshi kawatte iru",
〜にしろ〜にしろ,JLPT N2,~ni shiro ~ni shiro,Baik itu... maupun... (tetap sama),行くにしろ行かないにしろ、返事をしてください,"Iku ni shiro ikanai ni shiro, henji o shite kudasai",,行くにしろ行かないにしろ、早く返事をしてください,"Iku ni shiro ikanai ni shiro, hayaku henji o shite kudasai",,好きにしろ嫌いにしろ、仕事はやらなければならない,"Suki ni shiro kirai ni shiro, shigoto wa yaranakereba naranai",
〜にせよ〜にせよ,JLPT N2,~ni seyo ~ni seyo,Baik itu... maupun... (lebih formal dari ni shiro),何にせよ、準備は大切だ,"Nani ni seyo, junbi wa taisetsu da",,出席するにせよ欠席するにせよ、連絡は必要です,"Shusseki suru ni seyo kesseki suru ni seyo, renraku wa hitsuyou desu",,勝つにせよ負けるにせよ、全力を尽くす,"Katsu ni seyo makeru ni seyo, zenryoku o tsukusu",
〜といった,JLPT N2,~to itta,Seperti... (Memberikan contoh konkret),テニスやスキーといったスポーツが好きだ,Tenisu ya sukii to itta supootsu ga suki da,,京都や奈良といった古い町が好きです,Kyouto ya Nara to itta furui machi ga suki desu,,テニスやゴルフといったスポーツは人気がある,Tenisu ya gorufu to itta supootsu wa ninki ga aru,
〜抜きに（は） / 〜抜きでは,JLPT N2,~nuki ni (wa),Jika tanpa... / Tanpa...,彼の協力抜きには、この計画は成功しなかった,"Kare no kyouryoku nuki ni wa, kono keikaku wa seikou shinakatta",,お世辞抜きで、あなたのスピーチは素晴らしかった,"Oseji nuki de, anata no supiichi wa subarashikatta",,社長の許可抜きでは、この契約は進められない,"Shachou no kyoka nuki de wa, kono keiyaku wa susumerarenai",
〜切る / 〜切れる,JLPT N2,~kiru / ~kireru,Melakukan sampai habis / tuntas,彼は長いマラソンを走り切った,Kare wa nagai marason o hashirikkita,,彼は42キロを走り切った,Kare wa yonjuuni kiro o hashirikitta,,こんなにたくさんの料理、一人では食べ切れない,"Konna ni takusan no ryouri, hitori de wa tabekirenai",
〜ぬ / 〜ず,JLPT N2,~nu / ~zu,Bentuk negatif formal (Tanpa melakukan...),朝ごはんを食べずに出かけた,Asagohan o tabezu ni dekaketa,,彼は何も言わずに部屋を出て行った,Kare wa nani mo iwazu ni heya o dete itta,,知らぬ間に雨が降っていたようだ,Shiranu ma ni ame ga futte ita you da,
〜得る / 〜得ない,JLPT N2,~uru / ~enai,Mungkin terjadi / Tidak mungkin terjadi,そんなことはあり得ない,Sonna koto wa arienai,,こんな事故はどこでも起こり得る,Konna jiko wa doko demo okoriuru,,彼が負けるなんてあり得ない,Kare ga makeru nante arienai,
〜がたい,JLPT N2,~gatai,Sulit untuk... (Secara emosional/psikologis),信じがたいニュースに驚いた,Shinjigatai nyuusu ni odoroita,,彼がそんな犯罪を犯すなんて、信じがたい,"Kare ga sonna hanzai o okasu nante, shinjigatai",,これは私にとって忘れがたい経験になりました,Kore wa watashi ni totte wasuregatai keiken ni narimashita,
〜かねる,JLPT N2,~kaneru,Sulit/Tidak bisa (Alasan profesional/sopan),その件については、分かりかねます,"Sono ken ni tsuite wa, wakarikanemasu",,ご要望にはお応えしかねます,Goyoubou ni wa okotaeshikanemasu,,私個人では判断しかねる問題です,Watashi kojin de wa handanshikaneru mondai desu,
〜かねない,JLPT N2,~kanenai,Bisa jadi... / Ada kemungkinan... (Biasanya hal buruk),このままでは事故が起きかねない,Kono mama de wa jiko ga okikanenai,,,,,,,
〜ようがない,JLPT N2,~you ga nai,Tidak ada cara untuk...,連絡先がわからないので、連絡しようがない,"Renrakusaki ga wakaranai node, renrakushiyou ga nai",,携帯を忘れて、彼に連絡しようがない,"Keitai o wasurete, kare ni renraku shiyou ga nai",,ここまで壊れてしまったら、直しようがない,"Koko made kowarete shimattara, naoshiyou ga nai",
〜次第だ,JLPT N2,~shidai da,Alasannya adalah... / Begitulah ceritanya...,不手際があり、このような結果になった次第です,"Futegiwa ga ari, kono you na kekka ni natta shidai desu",,,,,,,
〜次第で（は）,JLPT N2,~shidai de (wa),Tergantung pada...,努力次第で道は開ける,Doryoku shidai de michi wa hirakeru,,,,,,,
〜にあたって / 〜に際して,JLPT N2,~ni atatte,Pada saat... (Peristiwa penting),日本を訪問するにあたって、挨拶を考えた,"Nihon o houmon suru ni atatte, aisatsu o kangaeta",,新入生の歓迎にあたって、パーティーを企画した,"Shinnyuusei no kangei ni atatte, paatii o kikaku shita",,帰国に際して、お世話になった方に挨拶をした,"Kikoku ni saishite, osewa ni natta kata ni aisatsu o shita",
〜に先立って,JLPT N2,~ni sakidatte,Sebelum... (Persiapan),開店に先立って、式典が行われた,"Kaiten ni sakidatte, shikiten ga okonawareta",,開会に先立って、スピーチが行われた,"Kaikai ni sakidatte, supiichi ga okonawareta",,出発に先立ち、荷物の確認をする,"Shuppatsu ni sakidachi, nimotsu no kakunin o suru",
〜にこたえて,JLPT N2,~ni kotaete,Menanggapi / Sebagai jawaban atas...,ファンの期待にこたえて優勝した,Fan no kitai ni kotaete yuushou shita,,ファンの期待にこたえて、彼は見事なホームランを打った,"Fan no kitai ni kotaete, kare wa migoto na hoomuran o utta",,アンコールの声にこたえて、歌手が再びステージに登場した,"Ankooru no koe ni kotaete, kashu ga futatabi suteeji ni toujou shita",
〜をめぐって,JLPT N2,~o megutte,Mengenai / Mempersoalkan (Topik perdebatan),環境問題をめぐって議論が続いている,Kankyou mondai o megutte giron ga tsuzuite iru,,遺産をめぐって、兄弟で争っている,"Isan o megutte, kyoudai de arasotte iru",,新しい法律をめぐって、国会で激しい議論が交わされた,"Atarashii houritsu o megutte, kokkai de hageshii giron ga kawasareta",
〜に基づいて,JLPT N2,~ni motozuite,Berdasarkan (Hukum/Prinsip/Metode),調査結果に基づいて判断する,Chousa kekka ni motozuite handan suru,,調査データに基づいて、今後の計画を立てる,"Chousa deeta ni motozuite, kongo no keikaku o tateru",,法律に基づいて、厳しく処罰される,"Houritsu ni motozuite, kibishiku shobatsu sareru",
〜に沿って,JLPT N2,~ni sotte,Sesuai dengan / Sejalan dengan...,ガイドラインに沿って進める,Gaidorain ni sotte susumeru,,計画に沿ってプロジェクトを進めます,Keikaku ni sotte purojekuto o susumemasu,,お客様の希望に沿って、プランを作成いたします,"Okyakusama no kibou ni sotte, puran o sakusei itashimasu",
〜のもとで,JLPT N2,~no moto de,Di bawah... (Pengawasan/Pengaruh/Kondisi),厳しい指導のもとで練習した,Kibishii shidou no moto de renshuu shita,,優しい両親のもとで、彼は幸せに育った,"Yasashii ryoushin no moto de, kare wa shiawase ni sodatta",,優秀なコーチの指導のもとで練習した,Yuushuu na koochi no shidou no moto de renshuu shita,
〜上（は）,JLPT N2,~ue (wa),Karena... (Sudah semestinya/Kewajiban),約束した上は、守らなければならない,"Yakusoku shita ue wa, mamoranahereba naranai",,法律上は問題ないが、道徳的にはよくない,"Houritsujou wa mondai nai ga, doutokuteki ni wa yokunai",,健康上の理由で会社を辞めることになった,Kenkoujou no riyuu de kaisha o yameru koto ni natta,
〜際（は） / 〜際に,JLPT N2,~sai (wa),Saat / Waktu (Formal),お申し込みの際は印鑑が必要です,Omoushikomi no sai wa inkan ga hitsuyou desu,,地震が起きた際は、慌てずに机の下に隠れてください,"Jishin ga okita sai wa, awatezu ni tsukue no shita ni kakurete kudasai",,お降りの際は、お忘れ物のないようご注意ください,"Oori no sai wa, owasuremono no nai you gochuui kudasai",
〜気味,JLPT N2,~gimi,Agak... / Sedikit... (Kondisi fisik/perasaan),今日は少し風邪気味だ,Kyou wa sukoshi kaze gimi da,,最近少し太り気味なので、運動を始めた,"Saikin sukoshi futorigimi na node, undou o hajimeta",,風邪気味なので、今日は早く寝ます,"Kazegimi na node, kyou wa hayaku nemasu",
〜がち,JLPT N2,~gachi,Sering... / Cenderung... (Biasanya hal negatif),一人暮らしだと野菜が不足しがちだ,Hitorigurashi da to yasai ga fusoku shigachi da,,春は天気が変わりがちだ,Haru wa tenki ga kawarigachi da,,彼は仕事の締め切りを忘れがちだ,Kare wa shigoto no shimekiri o wasuregachi da,
〜っぽい,JLPT N2,~ppoi,Mirip... / Terkesan... / Mudah...,彼は飽きっぽい性格だ,Kare wa akippoi seikaku da,,彼はまだ20歳なのに、とても大人っぽい,"Kare wa mada hatachi na noni, totemo otonappoi",,最近、忘れっぽくて困る,"Saikin, wasureppokute komaru",
〜げ,JLPT N2,~ge,Kelihatannya... (Menyatakan ekspresi orang lain),彼女は悲しげに微笑んだ,Kanojo wa kanashige ni hohoenda,,彼は寂しげな顔をして歩いていた,Kare wa sabishige na kao o shite aruite ita,,子供たちは楽しげに遊んでいる,Kodomotachi wa tanoshige ni asonde iru,
〜だらけ,JLPT N2,~darake,Penuh dengan... (Biasanya hal kotor/buruk),泥だらけの靴,Doro darake no kutsu,,彼の部屋はゴミだらけだ,Kare no heya wa gomidarake da,,転んで、服が泥だらけになった,"Koronde, fuku ga dorodarake ni natta",
〜向き,JLPT N2,~muki,Cocok untuk...,このアパートは学生向きだ,Kono apaato wa gakusei muki da,,この映画は子供向きです,Kono eiga wa kodomomuki desu,,この服のデザインは若者向きではない,Kono fuku no dezain wa wakamonomuki de wa nai,
〜向け,JLPT N2,~muke,Ditujukan untuk...,初心者向けの日本語の本,Shoshinsha muke no nihongo no hon,,これは外国人向けの日本語の教科書です,Kore wa gaikokujinmuke no nihongo no kyoukasho desu,,初心者向けのパソコン教室に通っています,Shoshinshamuke no pasokon kyoushitsu ni kayotte imasu,
〜反面,JLPT N2,~hanmen,Di sisi lain / Sebaliknya,自由な反面、責任も重い,"Jiyuu na hanmen, sekinin mo omoi",,この薬はよく効く反面、副作用も強い,"Kono kusuri wa yoku kiku hanmen, fukusayou mo tsuyoi",,都会の生活は便利な反面、ストレスも多い,"Tokai no seikatsu wa benri na hanmen, sutoresu mo ooi",
〜にわたって,JLPT N2,~ni watatte,Selama / Di seluruh area...,広範囲にわたって被害が出た,Kouhan'i ni watatte higai ga deta,,会議は3時間にわたって行われた,Kaigi wa sanjikan ni watatte okonawareta,,この病院では、10年にわたってガン治療の研究が続けられている,"Kono byouin de wa, juunen ni watatte gan chiryou no kenkyuu ga tsuzukerarete iru",
〜から〜にかけて,JLPT N2,~kara ~ni kakete,Dari... sampai... (Rentang waktu/ruang),明日から明後日にかけて雨でしょう,Ashita kara asatte ni kakete ame deshou,,明日は夕方から夜にかけて、雨が降るでしょう,"Ashita wa yuugata kara yoru ni kakete, ame ga furu deshou",,春から夏にかけて、色々な花が咲く,"Haru kara natsu ni kakete, iroiro na hana ga saku",
〜つつ（も）,JLPT N2,~tsutsu (mo),Meskipun... (Sadar akan sesuatu tapi bertindak sebaliknya),体に悪いと知りつつ、夜食を食べてしまう,"Karada ni warui to shiritsutsu, yashoku o tabete shimau",,悪いと知りつつも、つい嘘をついてしまった,"Warui to shiritsutsu mo, tsui uso o tsuite shimatta",,早く起きなければと思いつつも、二度寝してしまった,"Hayaku okinakereba to omoitsutsu mo, nidone shite shimatta",
〜とともに,JLPT N2,~to tomo ni,Bersamaan dengan / Seiring dengan...,時代とともに言葉も変化する,Jidai to tomo ni kotoba mo henka suru,,年をとるとともに、体力が落ちてきた,"Toshi o toru to tomo ni, tairyoku ga ochite kita",,家族とともに過ごす時間が一番幸せだ,Kazoku to tomo ni sugosu jikan ga ichiban shiawase da,
〜にともなって,JLPT N2,~ni tomonatte,Seiring dengan... (Perubahan yang mengikuti hal lain),人口の増加にともなって、ゴミの問題が深刻になった,"Jinkou no zouka ni tomonatte, gomi no mondai ga shinkoku ni natta",,大会の開催にともなって、交通規制が行われる,"Taikai no kaisai ni tomonatte, koutsuukisei ga okonawareru",,気温の上昇にともなって、桜が開花した,"Kion no joushou ni tomonatte, sakura ga kaika shita",
〜につれて,JLPT N2,~ni tsurete,Seiring dengan... (Perubahan tahap demi tahap),台風が近づくにつれて、風が強くなってきた,"Taifu ga chikazuku ni tsurete, kaze ga tsuyoku natte kita",,秋が深まるにつれて、木々の葉が赤く染まった,"Aki ga fukamaru ni tsurete, kigi no ha ga akaku somatta",,時間が経つにつれて、悲しみが和らいできた,"Jikan ga tatsu ni tsurete, kanashimi ga yawaragide kita",
〜にしたがって,JLPT N2,~ni shitagatte,Sesuai dengan / Sejalan dengan...,北へ行くにしたがって、雪が深くなる,"Kita e iku ni shitagatte, yuki ga fukaku naru",,高く登るにしたがって、空気が薄くなる,"Takaku noboru ni shitagatte, kuuki ga usuku naru",,ルールにしたがって行動してください,Ruuru ni shitagatte koudou shite kudasai,
〜ぬく,JLPT N2,~nuku,Melakukan sampai tuntas dengan usaha keras,悩みぬいた末、会社を辞めることにした,"Nayaminuita sue, kaisha o yameru koto ni shita",,一度決めたことは、最後までやり抜くべきだ,"Ichido kimeta koto wa, saigo made yarinuku beki da",,悩み抜いた末に、転職を決意した,"Nayaminuita sue ni, tenshoku o ketsui shita",
〜まい,JLPT N2,~mai,Tidak akan / Tidak berniat (Bentuk negatif volitional),あんな店、二度と行くまい,"Anna mise, nido to ikumai",,こんなまずい店、二度と来るまい,"Konna mazui mise, nido to kuru mai",,誰にもこの秘密を知られまいと必死だった,Dare ni mo kono himitsu o shiraremai to hisshi datta,
〜ものか,JLPT N2,~mono ka,Mana mungkin... / Tidak akan pernah...,あんな人に負けるものか,Anna hito ni makeru mono ka,,あんな奴に負けるものか,Anna yatsu ni makeru mono ka,,こんな疲れる仕事、もう二度とやるもんか,"Konna tsukareru shigoto, mou nido to yaru mon ka",
〜ものがある,JLPT N2,~mono ga aru,Terasa benar-benar... / Ada sesuatu yang...,彼の歌声には人を感動させるものがある,Kare no utagoe ni wa hito o kandou saseru mono ga aru,,彼の手紙には人を感動させるものがある,Kare no tegami ni wa hito o kandou saseru mono ga aru,,この絵の美しさには圧倒されるものがある,Kono e no utsukushisa ni wa attou sareru mono ga aru,
〜ものだ / 〜ものではない,JLPT N2,~mono da,Sudah sewajarnya / Seharusnya (Moral/Norma umum),お年寄りには親切にするものだ,Otoshiyori ni wa shinsetsu ni suru mono da,,学生はもっと勉強するものだ,Gakusei wa motto benkyou suru mono da,,目上の人にそんな口の利き方をするものではない,Meue no hito ni sonna kuchi no kikikata o suru mono de wa nai,
〜ないことには,JLPT N2,~nai koto ni wa,Jika tidak... maka tidak...,実際に見てみないことには、返事はできない,"Jissai ni mite minai koto ni wa, henji wa dekinai",,実物を見ないことには、買うかどうか決められない,"Jitsubutsu o minai koto ni wa, kau ka dou ka kimerarenai",,彼に謝らないことには、この問題は解決しない,"Kare ni ayamaranai koto ni wa, kono mondai wa kaiketsu shinai",
〜に限る,JLPT N2,~ni kagiru,Adalah yang terbaik / Terbatas pada...,夏は冷たいビールに限る,Natsu wa tsumetai biiru ni kagiru,,疲れた時は、寝るに限ります,"Tsukareta toki wa, neru ni kagirimasu",,夏は冷たいビールに限る,Natsu wa tsumetai biiru ni kagiru,
〜に限り / 〜に限って,JLPT N2,~ni kagiri,Hanya terbatas untuk... / Khusus untuk...,本日に限り、全品半額です,"Honjitsu ni kagiri, zenpin hangaku desu",,雨の日に限り、ポイントが2倍になります,"Ame no hi ni kagiri, pointo ga nibai ni narimasu",,今日に限って、バスがなかなか来ない,"Kyou ni kagitte, basu ga nakanaka konai",
〜に限らず,JLPT N2,~ni kagirazu,Tidak hanya terbatas pada...,男性に限らず、女性もこの仕事に就ける,"Dansei ni kagirazu, josei mo kono shigoto ni tsukeru",,日本に限らず、世界中で環境問題が深刻化している,"Nihon ni kagirazu, sekaijuu de kankyou mondai ga shinkokuka shite iru",,若者に限らず、お年寄りもスマホを使う時代だ,"Wakamono ni kagirazu, otoshiyori mo sumaho o tsukau jidai da",
〜のみならず,JLPT N2,~nomi narazu,Tidak hanya... (Bentuk tulisan/formal),日本のみならず、世界中で有名だ,"Nihon nomi narazu, sekaijuu de yuumei da",,彼は日本のみならず、海外でも有名だ,"Kare wa Nihon nomi narazu, kaigai demo yuumei da",,このゲームは子供のみならず、大人も楽しめる,"Kono geemu wa kodomo nomi narazu, otona mo tanoshimeru",
〜にかかわらず,JLPT N2,~ni kakawarazu,Tanpa mempedulikan... / Terlepas dari...,天候にかかわらず、試合は行われる,"Tenkou ni kakawarazu, shiai wa okonawareru",,天気にかかわらず、試合は行われます,"Tenki ni kakawarazu, shiai wa okonawaremasu",,性別や年齢にかかわらず、誰でも参加できます,"Seibetsu ya nenrei ni kakawarazu, dare demo sanka dekimasu",
〜にもかかわらず,JLPT N2,~ni mo kakawarazu,Meskipun... (Padahal kenyataannya kontras),雨にもかかわらず、多くの客が来た,"Ame ni mo kakawarazu, ooku no kyaku ga kita",,雨にもかかわらず、多くの人が集まった,"Ame ni mo kakawarazu, ooku no hito ga atsumatta",,彼は熱があるにもかかわらず、働き続けた,"Kare wa netsu ga aru ni mo kakawarazu, hatarakitsuzuketa",
〜はともかく（として）,JLPT N2,~wa tomokaku,Lupakan dulu soal... / Sampingkan dulu...,デザインはともかく、機能性は抜群だ,"Dezain wa tomokaku, kinousei wa batsugun da",,顔はともかくとして、性格はすごくいい,"Kao wa tomokaku to shite, seikaku wa sugoku ii",,お金の問題はともかくとして、まずは計画を立てよう,"Okane no mondai wa tomokaku to shite, mazu wa keikaku o tateyou",
〜はもとより,JLPT N2,~wa motoyori,Sudah jelas bahwa A (apalagi B),この料理は味はもとより、見た目も美しい,"Kono ryouri wa aji wa motoyori, mitame mo utsukushii",,この料理は味はもとより、見た目も美しい,"Kono ryouri wa aji wa motoyori, mitame mo utsukushii",,彼は英語はもとより、中国語も話せる,"Kare wa eigo wa motoyori, chuugokugo mo hanaseru",
〜抜きで / 〜抜きにして,JLPT N2,~nuki de,Tanpa... / Mari abaikan...,お世辞抜きで、あなたの才能は素晴らしい,"Oseji nuki de, anata no sainou wa subarashii",,,,,,,
〜た末に,JLPT N2,~ta sue ni,Setelah proses panjang... akhirnya...,悩んだ末に、留学することに決めた,"Nayanda sue ni, ryuugaku suru koto ni kimeta",,,,,,,
〜あげく（に）,JLPT N2,~ageku,Setelah melakukan berkali-kali... malah (Hasil buruk),何度も手術したあげく、結局治らなかった,"Nando mo shujutsu shita ageku, kekkyoku naoranakatta",,,,,,,
〜かねない,JLPT N2,~kanenai,Bisa jadi... / Ada kemungkinan buruk...,秘密を漏らし かねない 人には話さない方がいい,Himitsu o morashi kanenai hito ni wa hanasanai hou ga ii,,,,,,,
〜かねる,JLPT N2,~kaneru,Sulit / Tidak bisa dilakukan (Secara psikologis/formal),私個人では決めかねます,Watashi kojin de wa kimekanemasu,,ご要望にはお応えしかねます,Goyoubou ni wa okotaeshikanemasu,,私個人では判断しかねる問題です,Watashi kojin de wa handanshikaneru mondai desu,
〜がたい,JLPT N2,~gatai,Sulit untuk... (Hampir mustahil dilakukan),忘れがたい思い出,Wasuregatai omoide,,彼がそんな犯罪を犯すなんて、信じがたい,"Kare ga sonna hanzai o okasu nante, shinjigatai",,これは私にとって忘れがたい経験になりました,Kore wa watashi ni totte wasuregatai keiken ni narimashita,
〜っこない,JLPT N2,~kkonai,Pasti tidak akan... / Tidak mungkin...,そんな嘘、誰も信じっこないよ,"Sonna uso, dare mo shinjikkonai yo",,こんな難しい問題、私にできっこないよ,"Konna muzukashii mondai, watashi ni dekikkonai yo",,彼がそんな嘘をつきっこない,Kare ga sonna uso o tsukikkonai,
〜次第だ,JLPT N2,~shidai da,Alasannya adalah... / Maka dari itu...,このような事情で欠席した次第です,Kono you na jijou de kesseki shita shidai desu,,,,,,,
〜べき / 〜べきではない,JLPT N2,~beki,Sudah seharusnya / Tidak boleh (Kewajiban),約束は守るべきだ,Yakusoku wa mamoru beki da,,約束は守るべきだ,Yakusoku wa mamoru beki da,,そんな悪口は言うべきではない,Sonna waruguchi wa iu beki de wa nai,
〜ざるを得ない,JLPT N2,~zaru o enai,Mau tidak mau harus... / Tidak ada pilihan selain...,嫌だが、認めざるを得ない,"Iya da ga, mitome zaru o enai",,これほど証拠があるなら、彼が犯人だと認めざるを得ない,"Kore hodo shouko ga aru nara, kare ga hannin da to mitomezaru o enai",,台風のため、イベントは中止せざるを得ない,"Taifuu no tame, ibento wa chuushi sezaru o enai",
〜にすぎない,JLPT N2,~ni suginai,Hanya sekadar... / Tidak lebih dari...,彼はただの友達にすぎない,Kare wa tada no tomodachi ni suginai,,彼はただの友達にすぎない,Kare wa tada no tomodachi ni suginai,,これは一つの例にすぎません,Kore wa hitotsu no rei ni sugimasen,
